branch	def_files	conflicted_kassa	n_conflicts
feature/c5-push-prereqs	1	Services/Kassa/CashDrawerService.cs,Services/Kassa/EodService.cs,Services/Kassa/KassaLock.cs,Services/Kassa/OpenCheckService.Discounts.cs,Services/Kassa/OpenCheckService.Lines.cs,Services/Kassa/XZReportService.cs,	41
feature/rebrand-ali-port	1	Services/Kassa/CashDrawerService.cs,Services/Kassa/EodService.cs,Services/Kassa/KassaLock.cs,Services/Kassa/OpenCheckService.Discounts.cs,Services/Kassa/OpenCheckService.Lines.cs,Services/Kassa/XZReportService.cs,	39
feature/restaurant-control-stage0	2	Services/Kassa/CashDrawerService.cs,Services/Kassa/EodService.cs,Services/Kassa/GoodsGroupService.cs,Services/Kassa/KassaLock.cs,Services/Kassa/OpenCheckService.Discounts.cs,Services/Kassa/OpenCheckService.Lines.cs,Services/Kassa/SaftCashRegisterExportService.MasterData.cs,Services/Kassa/SaftCashRegisterExportService.Transactions.cs,Services/Kassa/XZReportService.cs,	414
feature/shift-scheduling	1	Services/Kassa/CashDrawerService.cs,Services/Kassa/EodService.cs,Services/Kassa/KassaLock.cs,Services/Kassa/OpenCheckService.Discounts.cs,Services/Kassa/OpenCheckService.Lines.cs,Services/Kassa/XZReportService.cs,	34
feature/swiss	1	none	24
feature/twint-swiss	1	none	1
fix/dup-tableid-migration	1	Services/Kassa/CashDrawerService.cs,Services/Kassa/EodService.cs,Services/Kassa/KassaLock.cs,Services/Kassa/OpenCheckService.Discounts.cs,Services/Kassa/OpenCheckService.Lines.cs,Services/Kassa/XZReportService.cs,	39
integration/be-cutover	1	Services/Kassa/CashDrawerService.cs,Services/Kassa/EodService.cs,Services/Kassa/KassaLock.cs,Services/Kassa/OpenCheckService.Discounts.cs,Services/Kassa/OpenCheckService.Lines.cs,Services/Kassa/XZReportService.cs,	39
integration/confirm-family	1	none	2
integration/mig-stack-land	1	none	2
integration/mig-stack-merge	1	none	0
land/meals-posrel-v1	1	none	1
lane/a1-store-country	2	Services/Kassa/CashDrawerService.cs,Services/Kassa/EodService.cs,Services/Kassa/GoodsGroupService.cs,Services/Kassa/KassaLock.cs,Services/Kassa/OpenCheckService.Discounts.cs,Services/Kassa/OpenCheckService.Lines.cs,Services/Kassa/SaftCashRegisterExportService.MasterData.cs,Services/Kassa/SaftCashRegisterExportService.Transactions.cs,Services/Kassa/XZReportService.cs,	414
lane/a2-growth-flake	2	Services/Kassa/CashDrawerService.cs,Services/Kassa/EodService.cs,Services/Kassa/GoodsGroupService.cs,Services/Kassa/KassaLock.cs,Services/Kassa/OpenCheckService.Discounts.cs,Services/Kassa/OpenCheckService.Lines.cs,Services/Kassa/SaftCashRegisterExportService.MasterData.cs,Services/Kassa/SaftCashRegisterExportService.Transactions.cs,Services/Kassa/XZReportService.cs,	414
lane/a3-tx-gate	2	Services/Kassa/CashDrawerService.cs,Services/Kassa/EodService.cs,Services/Kassa/GoodsGroupService.cs,Services/Kassa/KassaLock.cs,Services/Kassa/OpenCheckService.Discounts.cs,Services/Kassa/OpenCheckService.Lines.cs,Services/Kassa/SaftCashRegisterExportService.MasterData.cs,Services/Kassa/SaftCashRegisterExportService.Transactions.cs,Services/Kassa/XZReportService.cs,	414
lane/a5-events-w4	2	Services/Kassa/CashDrawerService.cs,Services/Kassa/EodService.cs,Services/Kassa/GoodsGroupService.cs,Services/Kassa/KassaLock.cs,Services/Kassa/OpenCheckService.Discounts.cs,Services/Kassa/OpenCheckService.Lines.cs,Services/Kassa/SaftCashRegisterExportService.MasterData.cs,Services/Kassa/SaftCashRegisterExportService.Transactions.cs,Services/Kassa/XZReportService.cs,	414
lane/a6-meals-minors	2	Services/Kassa/CashDrawerService.cs,Services/Kassa/EodService.cs,Services/Kassa/GoodsGroupService.cs,Services/Kassa/KassaLock.cs,Services/Kassa/OpenCheckService.Discounts.cs,Services/Kassa/OpenCheckService.Lines.cs,Services/Kassa/SaftCashRegisterExportService.MasterData.cs,Services/Kassa/SaftCashRegisterExportService.Transactions.cs,Services/Kassa/XZReportService.cs,	414
lane/accounting-export-silent	1	none	0
lane/acct-uidx	1	none	2
lane/ack-receipt-inbox-column	1	none	0
lane/authclean	1	none	3
lane/b1-training-w3	2	Services/Kassa/CashDrawerService.cs,Services/Kassa/EodService.cs,Services/Kassa/GoodsGroupService.cs,Services/Kassa/KassaLock.cs,Services/Kassa/OpenCheckService.Discounts.cs,Services/Kassa/OpenCheckService.Lines.cs,Services/Kassa/SaftCashRegisterExportService.MasterData.cs,Services/Kassa/SaftCashRegisterExportService.Transactions.cs,Services/Kassa/XZReportService.cs,	414
lane/b2-wf-exchange	2	Services/Kassa/CashDrawerService.cs,Services/Kassa/EodService.cs,Services/Kassa/GoodsGroupService.cs,Services/Kassa/KassaLock.cs,Services/Kassa/OpenCheckService.Discounts.cs,Services/Kassa/OpenCheckService.Lines.cs,Services/Kassa/SaftCashRegisterExportService.MasterData.cs,Services/Kassa/SaftCashRegisterExportService.Transactions.cs,Services/Kassa/XZReportService.cs,	414
lane/b3-wf-timesheets	2	Services/Kassa/CashDrawerService.cs,Services/Kassa/EodService.cs,Services/Kassa/GoodsGroupService.cs,Services/Kassa/KassaLock.cs,Services/Kassa/OpenCheckService.Discounts.cs,Services/Kassa/OpenCheckService.Lines.cs,Services/Kassa/SaftCashRegisterExportService.MasterData.cs,Services/Kassa/SaftCashRegisterExportService.Transactions.cs,Services/Kassa/XZReportService.cs,	414
lane/census-derives-its-floor	1	none	0
lane/census-floors-derived	1	none	1
lane/clockout-state-is-not-open	1	none	0
lane/compose-and-run-the-stack	1	none	0
lane/cors-credentialed-origin	1	none	1
lane/cors-followups	1	none	0
lane/cors-narrow-the-default	1	none	2
lane/cors-narrow-the-default-integration	1	none	0
lane/cost-rollup	1	none	1
lane/credit-note-number	1	none	0
lane/dated-test-output	1	none	0
lane/demo-workforce	1	none	0
lane/ef-index-shadow-sweep	1	none	2
lane/empref-natid	1	none	0
lane/eod-credit-split	1	none	0
lane/escpos-ladder-tender	1	none	0
lane/ev-accept-receipt	1	none	0
lane/ev-concurrency-stale-revision	1	none	0
lane/ev-extdep	1	none	0
lane/ev-extdep-guards	1	none	0
lane/ev-inquiry-gate	1	none	0
lane/ev-outbox-flake	1	none	0
lane/ev-outbox-guid-substring	1	none	0
lane/ev-refund-fake-arg	1	none	0
lane/ev-seed-deposits	1	none	0
lane/ev-stale-cause	1	none	0
lane/ev-uri-relative	1	none	0
lane/ev-vipps-fallback	1	none	0
lane/ev-vipps-fallback-2	1	none	0
lane/events-outbox	1	none	0
lane/events-settlement-reads	1	none	10
lane/events-w2-anchor	1	Services/Kassa/CashDrawerService.cs,Services/Kassa/EodService.cs,Services/Kassa/KassaLock.cs,Services/Kassa/OpenCheckService.Discounts.cs,Services/Kassa/OpenCheckService.Lines.cs,Services/Kassa/XZReportService.cs,	136
lane/events-w2-deposits	1	Services/Kassa/CashDrawerService.cs,Services/Kassa/EodService.cs,Services/Kassa/KassaLock.cs,Services/Kassa/OpenCheckService.Discounts.cs,Services/Kassa/OpenCheckService.Lines.cs,Services/Kassa/XZReportService.cs,	145
lane/events-w2-harness	1	Services/Kassa/CashDrawerService.cs,Services/Kassa/EodService.cs,Services/Kassa/KassaLock.cs,Services/Kassa/OpenCheckService.Discounts.cs,Services/Kassa/OpenCheckService.Lines.cs,Services/Kassa/XZReportService.cs,	143
lane/events-w2-proposals	1	Services/Kassa/CashDrawerService.cs,Services/Kassa/EodService.cs,Services/Kassa/KassaLock.cs,Services/Kassa/OpenCheckService.Discounts.cs,Services/Kassa/OpenCheckService.Lines.cs,Services/Kassa/XZReportService.cs,	153
lane/events-w3-anchor	1	Services/Kassa/CashDrawerService.cs,Services/Kassa/EodService.cs,Services/Kassa/KassaLock.cs,Services/Kassa/OpenCheckService.Discounts.cs,Services/Kassa/OpenCheckService.Lines.cs,Services/Kassa/XZReportService.cs,	308
lane/events-w3-consumer	1	Services/Kassa/CashDrawerService.cs,Services/Kassa/EodService.cs,Services/Kassa/KassaLock.cs,Services/Kassa/OpenCheckService.Discounts.cs,Services/Kassa/OpenCheckService.Lines.cs,Services/Kassa/XZReportService.cs,	308
lane/events-w3-runsheets	1	Services/Kassa/CashDrawerService.cs,Services/Kassa/EodService.cs,Services/Kassa/KassaLock.cs,Services/Kassa/OpenCheckService.Discounts.cs,Services/Kassa/OpenCheckService.Lines.cs,Services/Kassa/XZReportService.cs,	315
lane/events-w3-settlement	1	Services/Kassa/CashDrawerService.cs,Services/Kassa/EodService.cs,Services/Kassa/KassaLock.cs,Services/Kassa/OpenCheckService.Discounts.cs,Services/Kassa/OpenCheckService.Lines.cs,Services/Kassa/XZReportService.cs,	318
lane/finalize-index-or-a-reason	1	none	0
lane/flags-effective-resolvers	1	none	0
lane/flags-excuse-byflag	1	none	0
lane/flags-resolvers-cover-three	1	none	0
lane/fragile-needles	1	none	0
lane/gr-approval-state	1	none	0
lane/gr-deadline-onwire	1	none	0
lane/gr-deadline-statute	1	none	0
lane/gr-exit-wire-the-mail	1	none	0
lane/gr-newsletter-cross-land	1	none	0
lane/gr-newsletter-cross-verify	1	none	0
lane/gr-postmark-webhook	1	none	0
lane/gr-withdraw-origin	1	none	2
lane/growth-effective-resolver	1	none	0
lane/growth-health-honest	1	none	1
lane/growth-newsletter-wire	1	none	0
lane/growth-prefcentre	1	none	2
lane/growth-sql-catch-typed	1	none	0
lane/growth-w2-anchor	1	Services/Kassa/CashDrawerService.cs,Services/Kassa/EodService.cs,Services/Kassa/KassaLock.cs,Services/Kassa/OpenCheckService.Discounts.cs,Services/Kassa/OpenCheckService.Lines.cs,Services/Kassa/XZReportService.cs,	130
lane/growth-w2-endpoints	1	Services/Kassa/CashDrawerService.cs,Services/Kassa/EodService.cs,Services/Kassa/KassaLock.cs,Services/Kassa/OpenCheckService.Discounts.cs,Services/Kassa/OpenCheckService.Lines.cs,Services/Kassa/XZReportService.cs,	152
lane/growth-w2-harness	1	Services/Kassa/CashDrawerService.cs,Services/Kassa/EodService.cs,Services/Kassa/KassaLock.cs,Services/Kassa/OpenCheckService.Discounts.cs,Services/Kassa/OpenCheckService.Lines.cs,Services/Kassa/XZReportService.cs,	136
lane/growth-w2-provider	1	Services/Kassa/CashDrawerService.cs,Services/Kassa/EodService.cs,Services/Kassa/KassaLock.cs,Services/Kassa/OpenCheckService.Discounts.cs,Services/Kassa/OpenCheckService.Lines.cs,Services/Kassa/XZReportService.cs,	134
lane/growth-w3-anchor	1	Services/Kassa/CashDrawerService.cs,Services/Kassa/EodService.cs,Services/Kassa/KassaLock.cs,Services/Kassa/OpenCheckService.Discounts.cs,Services/Kassa/OpenCheckService.Lines.cs,Services/Kassa/XZReportService.cs,	311
lane/growth-w3-dispatch	1	Services/Kassa/CashDrawerService.cs,Services/Kassa/EodService.cs,Services/Kassa/KassaLock.cs,Services/Kassa/OpenCheckService.Discounts.cs,Services/Kassa/OpenCheckService.Lines.cs,Services/Kassa/XZReportService.cs,	319
lane/growth-w3-provider	1	Services/Kassa/CashDrawerService.cs,Services/Kassa/EodService.cs,Services/Kassa/KassaLock.cs,Services/Kassa/OpenCheckService.Discounts.cs,Services/Kassa/OpenCheckService.Lines.cs,Services/Kassa/XZReportService.cs,	318
lane/growth-w3-security	1	Services/Kassa/CashDrawerService.cs,Services/Kassa/EodService.cs,Services/Kassa/KassaLock.cs,Services/Kassa/OpenCheckService.Discounts.cs,Services/Kassa/OpenCheckService.Lines.cs,Services/Kassa/XZReportService.cs,	303
lane/growthaudit-migration	1	none	0
lane/guestlink-one-composer	1	none	0
lane/hosted-service-floor	1	none	0
lane/isofix	1	none	4
lane/lanes-out-of-assembly	1	none	0
lane/margin-d0	1	Services/Kassa/CashDrawerService.cs,Services/Kassa/EodService.cs,Services/Kassa/KassaLock.cs,Services/Kassa/OpenCheckService.Discounts.cs,Services/Kassa/OpenCheckService.Lines.cs,Services/Kassa/XZReportService.cs,	133
lane/margin-finalize-lag	1	none	0
lane/margin-price-correction	1	none	0
lane/margin-s0	1	Services/Kassa/CashDrawerService.cs,Services/Kassa/EodService.cs,Services/Kassa/KassaLock.cs,Services/Kassa/OpenCheckService.Discounts.cs,Services/Kassa/OpenCheckService.Lines.cs,Services/Kassa/XZReportService.cs,	131
lane/margin-violation-anchor	1	none	0
lane/margin-w2-harness	1	Services/Kassa/CashDrawerService.cs,Services/Kassa/EodService.cs,Services/Kassa/KassaLock.cs,Services/Kassa/OpenCheckService.Discounts.cs,Services/Kassa/OpenCheckService.Lines.cs,Services/Kassa/XZReportService.cs,	136
lane/margin-w2-import	1	Services/Kassa/CashDrawerService.cs,Services/Kassa/EodService.cs,Services/Kassa/KassaLock.cs,Services/Kassa/OpenCheckService.Discounts.cs,Services/Kassa/OpenCheckService.Lines.cs,Services/Kassa/XZReportService.cs,	141
lane/margin-w2-prices	1	Services/Kassa/CashDrawerService.cs,Services/Kassa/EodService.cs,Services/Kassa/KassaLock.cs,Services/Kassa/OpenCheckService.Discounts.cs,Services/Kassa/OpenCheckService.Lines.cs,Services/Kassa/XZReportService.cs,	145
lane/margin-w2-recipes	1	Services/Kassa/CashDrawerService.cs,Services/Kassa/EodService.cs,Services/Kassa/KassaLock.cs,Services/Kassa/OpenCheckService.Discounts.cs,Services/Kassa/OpenCheckService.Lines.cs,Services/Kassa/XZReportService.cs,	152
lane/margin-w3-anchor	1	Services/Kassa/CashDrawerService.cs,Services/Kassa/EodService.cs,Services/Kassa/KassaLock.cs,Services/Kassa/OpenCheckService.Discounts.cs,Services/Kassa/OpenCheckService.Lines.cs,Services/Kassa/XZReportService.cs,	300
lane/margin-w3-journeys	1	Services/Kassa/CashDrawerService.cs,Services/Kassa/EodService.cs,Services/Kassa/KassaLock.cs,Services/Kassa/OpenCheckService.Discounts.cs,Services/Kassa/OpenCheckService.Lines.cs,Services/Kassa/XZReportService.cs,	301
lane/margin-w3-projector	1	Services/Kassa/CashDrawerService.cs,Services/Kassa/EodService.cs,Services/Kassa/KassaLock.cs,Services/Kassa/OpenCheckService.Discounts.cs,Services/Kassa/OpenCheckService.Lines.cs,Services/Kassa/XZReportService.cs,	305
lane/margin-w3-statements	1	Services/Kassa/CashDrawerService.cs,Services/Kassa/EodService.cs,Services/Kassa/KassaLock.cs,Services/Kassa/OpenCheckService.Discounts.cs,Services/Kassa/OpenCheckService.Lines.cs,Services/Kassa/XZReportService.cs,	311
lane/margin-waste	1	none	2
lane/margin-waste-500	1	none	2
lane/meals-agreement-create	1	none	3
lane/meals-agreement-pin-inverts	1	none	0
lane/meals-degenerate-two	1	none	0
lane/meals-docsync	1	none	0
lane/meals-eighth-pin	1	none	0
lane/meals-eighth-read	1	none	0
lane/meals-floor-pins	1	none	0
lane/meals-fourway-tier	1	none	0
lane/meals-grace-pins	1	none	0
lane/meals-idempotency-refusal	1	none	0
lane/meals-lever-withhold	1	none	0
lane/meals-members-read	1	none	0
lane/meals-quote-retry	1	none	0
lane/meals-reachable	1	none	1
lane/meals-reachable-api	1	none	2
lane/meals-release-actor	1	none	4
lane/meals-release-race	1	none	1
lane/meals-requote-release	1	none	0
lane/meals-supersede-sql	1	none	0
lane/meals-sweep-guard	1	none	1
lane/meals-w1	1	Services/Kassa/CashDrawerService.cs,Services/Kassa/EodService.cs,Services/Kassa/KassaLock.cs,Services/Kassa/OpenCheckService.Discounts.cs,Services/Kassa/OpenCheckService.Lines.cs,Services/Kassa/XZReportService.cs,	71
lane/meals-w2-anchor	1	Services/Kassa/CashDrawerService.cs,Services/Kassa/EodService.cs,Services/Kassa/KassaLock.cs,Services/Kassa/OpenCheckService.Discounts.cs,Services/Kassa/OpenCheckService.Lines.cs,Services/Kassa/XZReportService.cs,	130
lane/meals-w2-funding	1	Services/Kassa/CashDrawerService.cs,Services/Kassa/EodService.cs,Services/Kassa/KassaLock.cs,Services/Kassa/OpenCheckService.Discounts.cs,Services/Kassa/OpenCheckService.Lines.cs,Services/Kassa/XZReportService.cs,	144
lane/meals-w2-programs	1	Services/Kassa/CashDrawerService.cs,Services/Kassa/EodService.cs,Services/Kassa/KassaLock.cs,Services/Kassa/OpenCheckService.Discounts.cs,Services/Kassa/OpenCheckService.Lines.cs,Services/Kassa/XZReportService.cs,	152
lane/meals-w2-tender	1	Services/Kassa/CashDrawerService.cs,Services/Kassa/EodService.cs,Services/Kassa/KassaLock.cs,Services/Kassa/OpenCheckService.Discounts.cs,Services/Kassa/OpenCheckService.Lines.cs,Services/Kassa/XZReportService.cs,	135
lane/meals-w3-anchor	1	Services/Kassa/CashDrawerService.cs,Services/Kassa/EodService.cs,Services/Kassa/KassaLock.cs,Services/Kassa/OpenCheckService.Discounts.cs,Services/Kassa/OpenCheckService.Lines.cs,Services/Kassa/XZReportService.cs,	308
lane/meals-w3-fiscal	2	Services/Kassa/CashDrawerService.cs,Services/Kassa/EodService.cs,Services/Kassa/KassaLock.cs,Services/Kassa/OpenCheckService.Discounts.cs,Services/Kassa/OpenCheckService.Lines.cs,Services/Kassa/SaftCashRegisterExportService.MasterData.cs,Services/Kassa/SaftCashRegisterExportService.Transactions.cs,Services/Kassa/XZReportService.cs,	311
lane/meals-w3-projection	1	Services/Kassa/CashDrawerService.cs,Services/Kassa/EodService.cs,Services/Kassa/KassaLock.cs,Services/Kassa/OpenCheckService.Discounts.cs,Services/Kassa/OpenCheckService.Lines.cs,Services/Kassa/XZReportService.cs,	314
lane/meals-w3-statements	1	Services/Kassa/CashDrawerService.cs,Services/Kassa/EodService.cs,Services/Kassa/KassaLock.cs,Services/Kassa/OpenCheckService.Discounts.cs,Services/Kassa/OpenCheckService.Lines.cs,Services/Kassa/XZReportService.cs,	305
lane/meals-xz-credit	1	none	0
lane/menu-margin-read	1	none	4
lane/mig-company-receivable	1	none	2
lane/mig-stack-record	1	none	0
lane/mrg-price-correction-2	1	none	0
lane/mrg-starter-150	1	none	0
lane/mrg-starter-150b	1	none	0
lane/newsletter-dispatch-reports-its-cause	1	none	0
lane/order-created-utc	1	Services/Kassa/CashDrawerService.cs,Services/Kassa/EodService.cs,Services/Kassa/KassaLock.cs,Services/Kassa/OpenCheckService.Discounts.cs,Services/Kassa/OpenCheckService.Lines.cs,Services/Kassa/XZReportService.cs,	39
lane/paymenttype-defined-tender	1	none	0
lane/pdf-creditnote-name	1	none	0
lane/phone-in-path	1	none	0
lane/pinfix	1	none	3
lane/pref-cookie-half	1	none	0
lane/publish-outbox-shape	1	none	0
lane/push-token-in-path	1	none	0
lane/replay-pins-close	1	none	0
lane/review-residuals-provider	1	none	1
lane/review-residuals-rezone	1	none	2
lane/rollback-tracked-sweep	1	none	0
lane/route-guard-gaps	1	none	0
lane/statute-honesty	1	none	0
lane/supersede-release-attributed	1	none	0
lane/telemetry-initializer-floor	1	none	0
lane/train-disclosure	1	none	0
lane/train-idempotency-refusal	1	none	0
lane/trb2	1	none	5
lane/trn-evidence-names	1	none	0
lane/utlkvit-reprint-kind	1	none	0
lane/vipps-redact-404	1	none	0
lane/w0-businessdate	1	Services/Kassa/KassaBusinessDate.cs,Services/Kassa/KassaBusinessDateResolver.cs,	5
lane/w4s-attendance	1	Services/Kassa/CashDrawerService.cs,Services/Kassa/EodService.cs,Services/Kassa/KassaLock.cs,Services/Kassa/OpenCheckService.Discounts.cs,Services/Kassa/OpenCheckService.Lines.cs,Services/Kassa/XZReportService.cs,	91
lane/w4s-clock	1	Services/Kassa/CashDrawerService.cs,Services/Kassa/EodService.cs,Services/Kassa/KassaLock.cs,Services/Kassa/OpenCheckService.Discounts.cs,Services/Kassa/OpenCheckService.Lines.cs,Services/Kassa/XZReportService.cs,	91
lane/w4s-personalliste	1	Services/Kassa/CashDrawerService.cs,Services/Kassa/EodService.cs,Services/Kassa/KassaLock.cs,Services/Kassa/OpenCheckService.Discounts.cs,Services/Kassa/OpenCheckService.Lines.cs,Services/Kassa/XZReportService.cs,	96
lane/w4s-pos	1	Services/Kassa/CashDrawerService.cs,Services/Kassa/EodService.cs,Services/Kassa/KassaLock.cs,Services/Kassa/OpenCheckService.Discounts.cs,Services/Kassa/OpenCheckService.Lines.cs,Services/Kassa/XZReportService.cs,	98
lane/wf-adjust-address	1	none	0
lane/wf-adjustment-ordinal	1	none	2
lane/wf-blind-bind-name	1	none	0
lane/wf-bootstrap	1	none	0
lane/wf-bootstrap-one-engagement	1	none	2
lane/wf-clock-wire	1	none	0
lane/wf-contact-imported	1	none	0
lane/wf-correction-path	1	none	0
lane/wf-demo-presence	1	none	0
lane/wf-digest-tautology	1	none	2
lane/wf-exchange-award-ungated	1	none	0
lane/wf-exchange-move	1	none	0
lane/wf-export-duplicate	1	none	2
lane/wf-idempotency-refusal	1	none	0
lane/wf-idempotency-refusal-rest	1	none	0
lane/wf-invite-list-revoke	1	none	0
lane/wf-lever-title	1	none	0
lane/wf-link-deadend	1	none	0
lane/wf-onboard-claim	1	none	0
lane/wf-onboard-demo-run	1	none	0
lane/wf-operator-unique	1	none	2
lane/wf-personalliste-write	1	Services/Kassa/CashDrawerService.cs,Services/Kassa/EodService.cs,Services/Kassa/KassaLock.cs,Services/Kassa/OpenCheckService.Discounts.cs,Services/Kassa/OpenCheckService.Lines.cs,Services/Kassa/XZReportService.cs,	306
lane/wf-push-still-lies	1	none	0
lane/wf-timeoff-decide-gate	1	none	0
lane/wf-timesheet-race	1	none	2
lane/wf-timesheet-wire	1	none	2
lane/wf-w5-timesheet	1	none	2
lane/wf-withheld-bound	1	none	0
lane/wire-containment-fix	1	none	1
lane/wolt-sync-unregistered	1	none	0
lane/xz-credit-fields	1	none	0
lane/xz-printed-defects	1	none	0
local/train-disclosure-land	1	none	0
prep/events-landing	1	Services/Kassa/CashDrawerService.cs,Services/Kassa/EodService.cs,Services/Kassa/KassaLock.cs,Services/Kassa/OpenCheckService.Discounts.cs,Services/Kassa/OpenCheckService.Lines.cs,Services/Kassa/XZReportService.cs,	183
prep/events-w3-landing	1	Services/Kassa/CashDrawerService.cs,Services/Kassa/EodService.cs,Services/Kassa/KassaLock.cs,Services/Kassa/OpenCheckService.Discounts.cs,Services/Kassa/OpenCheckService.Lines.cs,Services/Kassa/XZReportService.cs,	321
prep/growth-landing	1	Services/Kassa/CashDrawerService.cs,Services/Kassa/EodService.cs,Services/Kassa/KassaLock.cs,Services/Kassa/OpenCheckService.Discounts.cs,Services/Kassa/OpenCheckService.Lines.cs,Services/Kassa/XZReportService.cs,	179
prep/growth-w3-landing	1	Services/Kassa/CashDrawerService.cs,Services/Kassa/EodService.cs,Services/Kassa/KassaLock.cs,Services/Kassa/OpenCheckService.Discounts.cs,Services/Kassa/OpenCheckService.Lines.cs,Services/Kassa/XZReportService.cs,	321
prep/margin-landing	1	Services/Kassa/CashDrawerService.cs,Services/Kassa/EodService.cs,Services/Kassa/KassaLock.cs,Services/Kassa/OpenCheckService.Discounts.cs,Services/Kassa/OpenCheckService.Lines.cs,Services/Kassa/XZReportService.cs,	180
prep/margin-w3-landing	1	Services/Kassa/CashDrawerService.cs,Services/Kassa/EodService.cs,Services/Kassa/KassaLock.cs,Services/Kassa/OpenCheckService.Discounts.cs,Services/Kassa/OpenCheckService.Lines.cs,Services/Kassa/XZReportService.cs,	318
prep/meals-w3-landing	2	Services/Kassa/CashDrawerService.cs,Services/Kassa/EodService.cs,Services/Kassa/KassaLock.cs,Services/Kassa/OpenCheckService.Discounts.cs,Services/Kassa/OpenCheckService.Lines.cs,Services/Kassa/SaftCashRegisterExportService.MasterData.cs,Services/Kassa/SaftCashRegisterExportService.Transactions.cs,Services/Kassa/XZReportService.cs,	310
rebrand	1	Services/Kassa/CashDrawerService.cs,Services/Kassa/EodService.cs,Services/Kassa/KassaLock.cs,Services/Kassa/OpenCheckService.Discounts.cs,Services/Kassa/OpenCheckService.Lines.cs,Services/Kassa/XZReportService.cs,	39
trial/meals-eighth-read-tipmerge	1	none	0
