branch	tip_ahead	br_ahead	defs_in_tree	has_export_private	has_request_twin	touches_kassa_in_diff
feature/c5-push-prereqs	467	219	0	0	0	none
feature/rebrand-ali-port	467	221	0	0	0	none
feature/restaurant-control-stage0	467	387	1	1	0	Services/Kassa/SaftCashRegisterExportService.MasterData.cs,Services/Kassa/SaftCashRegisterExportService.Transactions.cs,
feature/shift-scheduling	467	234	0	0	0	none
feature/swiss	521	87	0	0	0	none
feature/twint-swiss	521	1	0	0	0	none
fix/dup-tableid-migration	467	216	0	0	0	none
integration/be-cutover	467	210	0	0	0	none
integration/confirm-family	49	10	1	1	0	none
integration/mig-stack-land	59	34	1	1	0	none
integration/mig-stack-merge	0	38	1	0	0	none
land/meals-posrel-v1	51	2	1	0	0	none
lane/a1-store-country	467	380	1	1	0	Services/Kassa/SaftCashRegisterExportService.MasterData.cs,Services/Kassa/SaftCashRegisterExportService.Transactions.cs,
lane/a2-growth-flake	467	380	1	1	0	Services/Kassa/SaftCashRegisterExportService.MasterData.cs,Services/Kassa/SaftCashRegisterExportService.Transactions.cs,
lane/a3-tx-gate	467	380	1	1	0	Services/Kassa/SaftCashRegisterExportService.MasterData.cs,Services/Kassa/SaftCashRegisterExportService.Transactions.cs,
lane/a5-events-w4	467	380	1	1	0	Services/Kassa/SaftCashRegisterExportService.MasterData.cs,Services/Kassa/SaftCashRegisterExportService.Transactions.cs,
lane/a6-meals-minors	467	380	1	1	0	Services/Kassa/SaftCashRegisterExportService.MasterData.cs,Services/Kassa/SaftCashRegisterExportService.Transactions.cs,
lane/accounting-export-silent	0	1	1	0	0	none
lane/acct-uidx	81	26	1	1	0	none
lane/ack-receipt-inbox-column	0	1	1	0	0	none
lane/authclean	322	1	1	1	0	none
lane/b1-training-w3	467	380	1	1	0	Services/Kassa/SaftCashRegisterExportService.MasterData.cs,Services/Kassa/SaftCashRegisterExportService.Transactions.cs,
lane/b2-wf-exchange	467	380	1	1	0	Services/Kassa/SaftCashRegisterExportService.MasterData.cs,Services/Kassa/SaftCashRegisterExportService.Transactions.cs,
lane/b3-wf-timesheets	467	380	1	1	0	Services/Kassa/SaftCashRegisterExportService.MasterData.cs,Services/Kassa/SaftCashRegisterExportService.Transactions.cs,
lane/census-derives-its-floor	0	1	1	0	0	none
lane/census-floors-derived	59	1	1	1	0	none
lane/clockout-state-is-not-open	0	2	1	0	0	none
lane/compose-and-run-the-stack	0	49	1	0	0	none
lane/cors-credentialed-origin	28	2	1	0	0	none
lane/cors-followups	0	2	1	0	0	none
lane/cors-narrow-the-default	507	2	0	0	0	none
lane/cors-narrow-the-default-integration	0	1	1	0	0	none
lane/cost-rollup	342	1	1	1	0	none
lane/credit-note-number	5	1	1	0	0	none
lane/dated-test-output	5	1	1	0	0	none
lane/demo-workforce	331	3	1	1	0	none
lane/ef-index-shadow-sweep	59	35	1	1	0	none
lane/empref-natid	0	1	1	0	0	none
lane/eod-credit-split	5	4	1	0	0	Services/Kassa/KassaCreditSale.cs,
lane/escpos-ladder-tender	0	1	1	0	0	none
lane/ev-accept-receipt	65	2	1	1	0	none
lane/ev-concurrency-stale-revision	0	1	1	0	0	none
lane/ev-extdep	87	2	1	1	0	none
lane/ev-extdep-guards	87	3	1	1	0	none
lane/ev-inquiry-gate	63	1	1	1	0	none
lane/ev-outbox-flake	11	1	1	0	0	none
lane/ev-outbox-guid-substring	59	1	1	1	0	none
lane/ev-refund-fake-arg	63	1	1	1	0	none
lane/ev-seed-deposits	59	2	1	1	0	none
lane/ev-stale-cause	64	1	1	1	0	none
lane/ev-uri-relative	63	1	1	1	0	none
lane/ev-vipps-fallback	63	1	1	1	0	none
lane/ev-vipps-fallback-2	59	1	1	1	0	none
lane/events-outbox	321	1	1	1	0	none
lane/events-settlement-reads	331	1	1	1	0	none
lane/events-w2-anchor	467	266	0	0	0	none
lane/events-w2-deposits	467	268	0	0	0	none
lane/events-w2-harness	467	266	0	0	0	none
lane/events-w2-proposals	467	267	0	0	0	none
lane/events-w3-anchor	467	316	0	0	0	none
lane/events-w3-consumer	467	317	0	0	0	none
lane/events-w3-runsheets	467	317	0	0	0	none
lane/events-w3-settlement	467	317	0	0	0	none
lane/finalize-index-or-a-reason	0	1	1	0	0	none
lane/flags-effective-resolvers	63	1	1	1	0	none
lane/flags-excuse-byflag	63	2	1	1	0	none
lane/flags-resolvers-cover-three	0	2	1	0	0	none
lane/fragile-needles	0	1	1	0	0	none
lane/gr-approval-state	63	1	1	1	0	none
lane/gr-deadline-onwire	62	1	1	1	0	none
lane/gr-deadline-statute	62	2	1	1	0	none
lane/gr-exit-wire-the-mail	0	2	1	0	0	none
lane/gr-newsletter-cross-land	0	2	1	0	0	none
lane/gr-newsletter-cross-verify	59	2	1	1	0	none
lane/gr-postmark-webhook	63	1	1	1	0	none
lane/gr-withdraw-origin	59	2	1	1	0	none
lane/growth-effective-resolver	0	1	1	0	0	none
lane/growth-health-honest	64	1	1	1	0	none
lane/growth-newsletter-wire	63	1	1	1	0	none
lane/growth-prefcentre	59	1	1	1	0	none
lane/growth-sql-catch-typed	0	1	1	0	0	none
lane/growth-w2-anchor	467	266	0	0	0	none
lane/growth-w2-endpoints	467	267	0	0	0	none
lane/growth-w2-harness	467	267	0	0	0	none
lane/growth-w2-provider	467	267	0	0	0	none
lane/growth-w3-anchor	467	316	0	0	0	none
lane/growth-w3-dispatch	467	317	0	0	0	none
lane/growth-w3-provider	467	317	0	0	0	none
lane/growth-w3-security	467	316	0	0	0	none
lane/growthaudit-migration	0	38	1	0	0	none
lane/guestlink-one-composer	0	2	1	0	0	none
lane/hosted-service-floor	0	2	1	0	0	none
lane/isofix	334	1	1	1	0	none
lane/lanes-out-of-assembly	0	1	1	0	0	none
lane/margin-d0	467	266	0	0	0	none
lane/margin-finalize-lag	118	1	1	1	0	none
lane/margin-price-correction	59	2	1	1	0	none
lane/margin-s0	467	265	0	0	0	none
lane/margin-violation-anchor	5	1	1	0	0	none
lane/margin-w2-harness	467	267	0	0	0	none
lane/margin-w2-import	467	267	0	0	0	none
lane/margin-w2-prices	467	267	0	0	0	none
lane/margin-w2-recipes	467	267	0	0	0	none
lane/margin-w3-anchor	467	316	0	0	0	none
lane/margin-w3-journeys	467	317	0	0	0	none
lane/margin-w3-projector	467	317	0	0	0	none
lane/margin-w3-statements	467	317	0	0	0	none
lane/margin-waste	81	20	1	1	0	none
lane/margin-waste-500	81	22	1	1	0	none
lane/meals-agreement-create	331	1	1	1	0	none
lane/meals-agreement-pin-inverts	5	2	1	0	0	none
lane/meals-degenerate-two	63	1	1	1	0	none
lane/meals-docsync	0	1	1	0	0	none
lane/meals-eighth-pin	63	3	1	1	0	none
lane/meals-eighth-read	63	5	1	1	0	none
lane/meals-floor-pins	63	1	1	1	0	none
lane/meals-fourway-tier	63	10	1	1	0	none
lane/meals-grace-pins	63	1	1	1	0	none
lane/meals-idempotency-refusal	5	1	1	0	0	none
lane/meals-lever-withhold	0	2	1	0	0	none
lane/meals-members-read	0	1	1	0	0	none
lane/meals-quote-retry	63	14	1	1	0	none
lane/meals-reachable	64	1	1	1	0	none
lane/meals-reachable-api	59	2	1	1	0	none
lane/meals-release-actor	59	2	1	1	0	none
lane/meals-release-race	63	1	1	1	0	none
lane/meals-requote-release	63	2	1	1	0	none
lane/meals-supersede-sql	63	11	1	1	0	none
lane/meals-sweep-guard	63	2	1	1	0	none
lane/meals-w1	467	256	0	0	0	none
lane/meals-w2-anchor	467	265	0	0	0	none
lane/meals-w2-funding	467	266	0	0	0	none
lane/meals-w2-programs	467	267	0	0	0	none
lane/meals-w2-tender	467	266	0	0	0	none
lane/meals-w3-anchor	467	316	0	0	0	none
lane/meals-w3-fiscal	467	317	1	1	0	Services/Kassa/SaftCashRegisterExportService.MasterData.cs,Services/Kassa/SaftCashRegisterExportService.Transactions.cs,
lane/meals-w3-projection	467	317	0	0	0	none
lane/meals-w3-statements	467	317	0	0	0	none
lane/meals-xz-credit	64	1	1	1	0	none
lane/menu-margin-read	331	1	1	1	0	none
lane/mig-company-receivable	81	25	1	1	0	none
lane/mig-stack-record	0	1	1	0	0	none
lane/mrg-price-correction-2	59	4	1	1	0	none
lane/mrg-starter-150	0	3	1	0	0	none
lane/mrg-starter-150b	59	1	1	1	0	none
lane/newsletter-dispatch-reports-its-cause	0	1	1	0	0	none
lane/order-created-utc	467	216	0	0	0	none
lane/paymenttype-defined-tender	0	1	1	0	0	Services/Kassa/FinalizeService.cs,
lane/pdf-creditnote-name	0	2	1	0	0	none
lane/phone-in-path	28	2	1	0	0	none
lane/pinfix	339	1	1	1	0	none
lane/pref-cookie-half	0	1	1	0	0	none
lane/publish-outbox-shape	0	39	1	0	0	none
lane/push-token-in-path	0	2	1	0	0	none
lane/replay-pins-close	0	7	1	0	0	none
lane/review-residuals-provider	64	3	1	1	0	none
lane/review-residuals-rezone	81	25	1	1	0	none
lane/rollback-tracked-sweep	59	1	1	1	0	none
lane/route-guard-gaps	28	3	1	0	0	none
lane/statute-honesty	64	1	1	1	0	none
lane/supersede-release-attributed	0	5	1	0	0	none
lane/telemetry-initializer-floor	0	1	1	0	0	none
lane/train-disclosure	59	1	1	1	0	none
lane/train-idempotency-refusal	0	1	1	0	0	none
lane/trb2	145	2	1	1	0	none
lane/trn-evidence-names	59	2	1	1	0	none
lane/utlkvit-reprint-kind	59	1	1	0	0	none
lane/vipps-redact-404	59	1	1	1	0	none
lane/w0-businessdate	340	1	1	1	0	none
lane/w4s-attendance	467	260	0	0	0	none
lane/w4s-clock	467	261	0	0	0	none
lane/w4s-personalliste	467	260	0	0	0	none
lane/w4s-pos	467	260	0	0	0	none
lane/wf-adjust-address	59	1	1	1	0	none
lane/wf-adjustment-ordinal	81	24	1	1	0	none
lane/wf-blind-bind-name	59	1	1	1	0	none
lane/wf-bootstrap	59	1	1	1	0	none
lane/wf-bootstrap-one-engagement	59	37	1	1	0	none
lane/wf-clock-wire	59	1	1	1	0	none
lane/wf-contact-imported	59	2	1	1	0	none
lane/wf-correction-path	54	2	1	0	0	none
lane/wf-demo-presence	63	1	1	1	0	none
lane/wf-digest-tautology	81	23	1	1	0	none
lane/wf-exchange-award-ungated	54	1	1	0	0	none
lane/wf-exchange-move	81	1	1	1	0	none
lane/wf-export-duplicate	81	23	1	1	0	none
lane/wf-idempotency-refusal	50	1	1	0	0	none
lane/wf-idempotency-refusal-rest	50	2	1	0	0	none
lane/wf-invite-list-revoke	0	1	1	0	0	none
lane/wf-lever-title	0	1	1	0	0	none
lane/wf-link-deadend	59	2	1	1	0	none
lane/wf-onboard-claim	0	1	1	0	0	none
lane/wf-onboard-demo-run	0	1	1	0	0	none
lane/wf-operator-unique	59	35	1	1	0	none
lane/wf-personalliste-write	467	316	0	0	0	none
lane/wf-push-still-lies	5	1	1	0	0	none
lane/wf-timeoff-decide-gate	5	1	1	0	0	none
lane/wf-timesheet-race	59	36	1	1	0	none
lane/wf-timesheet-wire	81	24	1	1	0	none
lane/wf-w5-timesheet	81	22	1	1	0	none
lane/wf-withheld-bound	5	1	1	0	0	none
lane/wire-containment-fix	340	3	1	1	0	none
lane/wolt-sync-unregistered	5	1	1	0	0	none
lane/xz-credit-fields	5	1	1	0	0	Services/Kassa/KassaCreditSale.cs,
lane/xz-printed-defects	5	4	1	0	0	Services/Kassa/KassaCreditSale.cs,
local/train-disclosure-land	0	2	1	0	0	none
prep/events-landing	467	283	0	0	0	none
prep/events-w3-landing	467	325	0	0	0	none
prep/growth-landing	467	281	0	0	0	none
prep/growth-w3-landing	467	324	0	0	0	none
prep/margin-landing	467	284	0	0	0	none
prep/margin-w3-landing	467	324	0	0	0	none
prep/meals-w3-landing	467	324	1	1	0	Services/Kassa/SaftCashRegisterExportService.MasterData.cs,Services/Kassa/SaftCashRegisterExportService.Transactions.cs,
rebrand	467	215	0	0	0	none
throwaway/L-TENDER-WIRE-MERGE-IS-SAFE	58	1	1	0	0	Services/Kassa/FinalizeService.cs,Services/Kassa/KassaCreditSale.cs,Services/Kassa/PosReceiptService.cs,Services/Kassa/SaftCashRegisterExportService.MasterData.cs,Services/Kassa/SaftCashRegisterExportService.Transactions.cs,
trial/meals-eighth-read-tipmerge	0	4	1	0	0	none
