lane/fe-training-meals-surfaces	INHERENT-tip-vs-branch	23
feature/swiss	INHERENT-tip-vs-branch	10
lane/ev-stale-cause	INHERENT-tip-vs-branch	5
lane/fe-events-margin-surfaces	INHERENT-tip-vs-branch	8
lane/statute-evidence-world	INHERENT-tip-vs-branch	5
lane/fe-wf-link-deadend	INHERENT-tip-vs-branch	7
lane/fe-wf-self	INHERENT-tip-vs-branch	10
lane/menu-allergen-matrix	INHERENT-tip-vs-branch	5
lane/wf-pubhist	ORDER-INDUCED	0
lane/margin-menu-margin-ui	INHERENT-tip-vs-branch	2
lane/meals-admin	INHERENT-tip-vs-branch	7
lane/events-admin	INHERENT-tip-vs-branch	11
lane/margin-recipes	INHERENT-tip-vs-branch	11
lane/training-admin	INHERENT-tip-vs-branch	14
lane/fe-wf-bootstrap	ORDER-INDUCED	0
lane/fe-wf-correction-path	ORDER-INDUCED	0
lane/growth-admin	INHERENT-tip-vs-branch	13
lane/mrg-waste-frontend	ORDER-INDUCED	0
lane/train-readonly-visible	ORDER-INDUCED	0
lane/wf-adjust-address	ORDER-INDUCED	0
lane/workforce-roster	INHERENT-tip-vs-branch	10
lane/L-JOURNEY-GROWTH	ORDER-INDUCED	0
lane/modal-broken-two	INHERENT-tip-vs-branch	2
lane/journey-teardown	ORDER-INDUCED	0
lane/fe-gr-exit-wire-the-mail	ORDER-INDUCED	0
lane/fe-meals-docsync	ORDER-INDUCED	0
lane/L-JOURNEY-PORT-HARDCODED	ORDER-INDUCED	0
lanes/L-XZ-NEGATED-ABSENCE	ORDER-INDUCED	0
