F0.1	lane/jest-collects-lanes
F0.2	lane/worktree-basename-pin
F1.01	lane/fe-training-meals-surfaces
F1.02	feature/swiss
F1.03	lane/ev-stale-cause
F1.04	lane/fe-events-margin-surfaces
F1.05	lane/statute-evidence-world
F1.06	lane/fe-wf-link-deadend
F1.07	lane/fe-wf-self
F1.08	lane/journey-workforce
F1.09	lane/menu-allergen-matrix
F1.10	lane/train-evidence-pack-ui
F1.11	lane/wf-kodeoversikt-ui
F1.12	lane/wf-pubhist
F1.13	lane/wf-roles-ui
F1.14	lane/margin-menu-margin-ui
F1.15	lane/meals-admin
F1.16	lane/meals-enrol-pretick
F1.17	lane/events-admin
F1.18	lane/fe-meals-statement-surface
F1.19	lane/margin-recipes
F1.20	lane/training-admin
F1.21	lane/coercion-write-paths
F1.22	lane/fe-meals-claim-receipt
F1.23	lane/fe-meals-reconcile-ui
F1.24	lane/fe-wf-bootstrap
F1.25	lane/fe-wf-contact-imported
F1.26	lane/fe-wf-correction-path
F1.27	lane/growth-admin
F1.28	lane/meals-reachable-web
F1.29	lane/mrg-coverage-unknown
F1.30	lane/mrg-lag-visible
F1.31	lane/mrg-recipe-revise-ui
F1.32	lane/mrg-waste-frontend
F1.33	lane/train-readonly-visible
F1.34	lane/wf-adjust-address
F1.35	lane/wf-idreg
F1.36	lane/workforce-roster
F1.37	lane/L-JOURNEY-GROWTH
F1.38	lane/modal-broken-two
F1.39	lane/fe-gr-withdraw-origin
F1.40	lane/journey-teardown
F1.41	lane/fe-gr-exit-wire-the-mail
F1.42	lane/price-crosscurrency
F2.01	lane/fe-meals-docsync
F2.02	lane/L-JOURNEY-PROXY-BLINDSPOT
F2.03	lane/mrg-page-test-vacuous
F2.04	lane/offers-page-hundredfold
F2.05	lane/tier-artifacts
F2.06	lane/train-publish-unclickable
F2.07	lane/L-JOURNEY-PORT-HARDCODED
F2.08	lane/fe-admin-refusal-credential
F3.01	lane/L-PRICE-SHADOW-GUARD
F3.02	lane/ev-guestlink-one-composer
F3.03	lane/exit-instrument-census
F3.04	lane/fe-ci
F3.05	lane/fe-ev-inquiry-gate
F3.06	lane/fe-journey-meals
F3.07	lane/mrg-revise-land
F3.08	lane/mrg-waste-receipts
F3.09	lane/wf-timesheet-ui
F5.01	lanes/L-XZ-NEGATED-ABSENCE
F5.02	lanes/L-WORLD-STAMP-WINDOWS
F5.03	lane/collected-paths
