07-20_14:09	new=207	applied=0	e11fda60	refs/heads/feature/c5-push-prereqs
07-19_16:08	new=209	applied=0	8ccc1ed7	refs/heads/feature/rebrand-ali-port
07-27_21:07	new=343	applied=0	903b70d1	refs/heads/feature/restaurant-control-stage0
07-22_09:38	new=220	applied=0	d5fc03f7	refs/heads/feature/shift-scheduling
07-07_00:47	new=87	applied=0	597192ef	refs/heads/feature/swiss
06-22_15:47	new=1	applied=0	a64beb03	refs/heads/feature/twint-swiss
07-20_11:38	new=204	applied=0	60741b4e	refs/heads/fix/dup-tableid-migration
07-18_17:37	new=199	applied=0	18660066	refs/heads/integration/be-cutover
08-03_15:27	new=5	applied=0	eeb1b8c4	refs/heads/integration/confirm-family
08-04_00:49	new=0	applied=0	d776f9e7	refs/heads/land/meals-posrel-v1
07-22_03:42	new=336	applied=0	e88af796	refs/heads/lane/a1-store-country
07-22_03:42	new=336	applied=0	e88af796	refs/heads/lane/a2-growth-flake
07-22_03:42	new=336	applied=0	e88af796	refs/heads/lane/a3-tx-gate
07-22_03:42	new=336	applied=0	e88af796	refs/heads/lane/a5-events-w4
07-22_03:42	new=336	applied=0	e88af796	refs/heads/lane/a6-meals-minors
08-04_14:33	new=1	applied=0	a154ca19	refs/heads/lane/accounting-export-silent
07-29_11:32	new=0	applied=1	909f95bc	refs/heads/lane/authclean
07-22_03:42	new=336	applied=0	e88af796	refs/heads/lane/b1-training-w3
07-22_03:42	new=336	applied=0	e88af796	refs/heads/lane/b2-wf-exchange
07-22_03:42	new=336	applied=0	e88af796	refs/heads/lane/b3-wf-timesheets
08-03_23:19	new=1	applied=0	75dcc2ff	refs/heads/lane/census-floors-derived
08-04_01:43	new=1	applied=0	edbb7dea	refs/heads/lane/cors-credentialed-origin
08-04_03:13	new=2	applied=0	17c12c20	refs/heads/lane/cors-followups
07-29_01:00	new=0	applied=1	3d2c087c	refs/heads/lane/cost-rollup
08-04_03:12	new=1	applied=0	24c95aa9	refs/heads/lane/credit-note-number
08-04_11:18	new=1	applied=0	b10eb11c	refs/heads/lane/dated-test-output
07-29_01:58	new=3	applied=0	7adee117	refs/heads/lane/demo-workforce
08-03_23:18	new=27	applied=0	08309e39	refs/heads/lane/ef-index-shadow-sweep
08-04_14:32	new=4	applied=0	f028c0a8	refs/heads/lane/eod-credit-split
08-01_14:38	new=2	applied=0	8ef3ce74	refs/heads/lane/ev-accept-receipt
08-01_13:13	new=2	applied=0	7e9c38bf	refs/heads/lane/ev-extdep
08-01_14:43	new=3	applied=0	07247536	refs/heads/lane/ev-extdep-guards
08-01_20:26	new=1	applied=0	8ecb47df	refs/heads/lane/ev-inquiry-gate
08-04_02:49	new=1	applied=0	59a1d607	refs/heads/lane/ev-outbox-flake
08-03_17:35	new=1	applied=0	79f9dd7d	refs/heads/lane/ev-outbox-guid-substring
08-02_10:19	new=1	applied=0	db9b39a1	refs/heads/lane/ev-refund-fake-arg
08-03_18:05	new=2	applied=0	caee6ae3	refs/heads/lane/ev-seed-deposits
08-01_16:54	new=1	applied=0	e5de872d	refs/heads/lane/ev-stale-cause
08-02_10:18	new=1	applied=0	6a7bf75b	refs/heads/lane/ev-uri-relative
08-01_20:52	new=1	applied=0	9e3a607b	refs/heads/lane/ev-vipps-fallback
08-03_12:45	new=1	applied=0	fc09be1d	refs/heads/lane/ev-vipps-fallback-2
07-30_13:01	new=1	applied=0	8db70ff9	refs/heads/lane/events-outbox
07-29_01:34	new=0	applied=1	717082b2	refs/heads/lane/events-settlement-reads
07-20_16:58	new=252	applied=0	d4ba0bdc	refs/heads/lane/events-w2-anchor
07-20_20:42	new=254	applied=0	969cf6cb	refs/heads/lane/events-w2-deposits
07-20_17:25	new=252	applied=0	583e9717	refs/heads/lane/events-w2-harness
07-20_20:48	new=253	applied=0	652d64d4	refs/heads/lane/events-w2-proposals
07-21_00:02	new=288	applied=0	7fb4e8b4	refs/heads/lane/events-w3-anchor
07-21_10:46	new=289	applied=0	6230daeb	refs/heads/lane/events-w3-consumer
07-21_00:31	new=289	applied=0	3f83d5e4	refs/heads/lane/events-w3-runsheets
07-21_10:52	new=289	applied=0	7dc753a4	refs/heads/lane/events-w3-settlement
08-01_21:46	new=1	applied=0	e45ec4c1	refs/heads/lane/flags-effective-resolvers
08-02_11:58	new=2	applied=0	6ae0b8db	refs/heads/lane/flags-excuse-byflag
08-04_14:08	new=1	applied=0	f2517d5d	refs/heads/lane/fragile-needles
08-01_19:10	new=1	applied=0	3ea531f5	refs/heads/lane/gr-approval-state
08-02_10:32	new=1	applied=0	3b42da1d	refs/heads/lane/gr-deadline-onwire
08-02_10:42	new=2	applied=0	f7abfd8e	refs/heads/lane/gr-deadline-statute
08-04_21:22	new=2	applied=0	54a8bb51	refs/heads/lane/gr-exit-wire-the-mail
08-03_18:55	new=1	applied=0	b521bdb5	refs/heads/lane/gr-newsletter-cross-verify
08-01_21:14	new=1	applied=0	5b895dc4	refs/heads/lane/gr-postmark-webhook
08-03_17:27	new=2	applied=0	e0c2b02f	refs/heads/lane/gr-withdraw-origin
08-01_15:24	new=1	applied=0	c11e78a6	refs/heads/lane/growth-health-honest
08-01_18:42	new=1	applied=0	87600a1c	refs/heads/lane/growth-newsletter-wire
08-03_11:22	new=1	applied=0	2a052800	refs/heads/lane/growth-prefcentre
07-20_17:01	new=252	applied=0	d1c6c8f1	refs/heads/lane/growth-w2-anchor
07-20_20:29	new=253	applied=0	b249225d	refs/heads/lane/growth-w2-endpoints
07-20_20:05	new=253	applied=0	ab827095	refs/heads/lane/growth-w2-harness
07-20_17:31	new=253	applied=0	06b76e8c	refs/heads/lane/growth-w2-provider
07-21_00:02	new=288	applied=0	6d99b485	refs/heads/lane/growth-w3-anchor
07-21_10:56	new=289	applied=0	bab12bd8	refs/heads/lane/growth-w3-dispatch
07-21_11:00	new=289	applied=0	e5d29a3e	refs/heads/lane/growth-w3-provider
07-21_00:08	new=288	applied=0	b08e0681	refs/heads/lane/growth-w3-security
08-04_16:14	new=2	applied=0	6dcc1503	refs/heads/lane/hosted-service-floor
07-29_02:32	new=1	applied=0	1df46dcc	refs/heads/lane/isofix
08-04_16:15	new=1	applied=0	2c1eebaf	refs/heads/lane/lanes-out-of-assembly
07-20_17:10	new=252	applied=0	10098b86	refs/heads/lane/margin-d0
07-31_22:43	new=1	applied=0	a6a1174b	refs/heads/lane/margin-finalize-lag
08-02_13:01	new=2	applied=0	6368427b	refs/heads/lane/margin-price-correction
07-20_16:36	new=251	applied=0	de47607f	refs/heads/lane/margin-s0
08-04_11:56	new=1	applied=0	a2bfd116	refs/heads/lane/margin-violation-anchor
07-20_20:11	new=253	applied=0	033e5a76	refs/heads/lane/margin-w2-harness
07-20_20:17	new=253	applied=0	bfcb0a27	refs/heads/lane/margin-w2-import
07-20_20:20	new=253	applied=0	e8452b3c	refs/heads/lane/margin-w2-prices
07-20_20:24	new=253	applied=0	d867499f	refs/heads/lane/margin-w2-recipes
07-21_00:10	new=288	applied=0	a68c2a6f	refs/heads/lane/margin-w3-anchor
07-21_10:43	new=289	applied=0	605cf3b2	refs/heads/lane/margin-w3-journeys
07-21_11:04	new=289	applied=0	fae8a08b	refs/heads/lane/margin-w3-projector
07-21_11:00	new=289	applied=0	ade1361b	refs/heads/lane/margin-w3-statements
08-02_13:34	new=21	applied=0	1ed372bd	refs/heads/lane/margin-waste-500
07-29_01:56	new=1	applied=0	cf88973a	refs/heads/lane/meals-agreement-create
08-04_12:52	new=2	applied=0	4bbf34a5	refs/heads/lane/meals-agreement-pin-inverts
08-01_21:17	new=1	applied=0	4fff635d	refs/heads/lane/meals-degenerate-two
08-04_12:46	new=1	applied=0	f7b30b2d	refs/heads/lane/meals-docsync
08-02_11:21	new=3	applied=0	9fe599c6	refs/heads/lane/meals-eighth-pin
08-03_22:51	new=4	applied=0	9c450f80	refs/heads/lane/meals-eighth-read
08-01_17:41	new=1	applied=0	5a254d72	refs/heads/lane/meals-floor-pins
08-02_10:56	new=6	applied=0	702d9481	refs/heads/lane/meals-fourway-tier
08-01_19:35	new=1	applied=0	34c6c103	refs/heads/lane/meals-grace-pins
08-04_12:26	new=1	applied=0	54714dd6	refs/heads/lane/meals-idempotency-refusal
08-04_13:07	new=1	applied=0	44af0f8b	refs/heads/lane/meals-lever-withhold
08-04_13:34	new=1	applied=0	086ac34f	refs/heads/lane/meals-members-read
08-02_12:03	new=9	applied=0	92d45967	refs/heads/lane/meals-quote-retry
08-01_15:05	new=1	applied=0	1b03e8e2	refs/heads/lane/meals-reachable
08-03_12:10	new=2	applied=0	02f27b95	refs/heads/lane/meals-reachable-api
08-03_14:27	new=2	applied=0	249612ac	refs/heads/lane/meals-release-actor
08-01_17:54	new=1	applied=0	f70a0254	refs/heads/lane/meals-release-race
08-01_21:52	new=2	applied=0	d5483cb3	refs/heads/lane/meals-requote-release
08-02_11:20	new=7	applied=0	7dafec47	refs/heads/lane/meals-supersede-sql
08-02_10:45	new=2	applied=0	4bddfc7d	refs/heads/lane/meals-sweep-guard
07-20_12:23	new=242	applied=0	5a0247b4	refs/heads/lane/meals-w1
07-20_16:53	new=251	applied=0	336e801c	refs/heads/lane/meals-w2-anchor
07-20_20:14	new=252	applied=0	374620f9	refs/heads/lane/meals-w2-funding
07-20_20:35	new=253	applied=0	3105cab8	refs/heads/lane/meals-w2-programs
07-20_20:06	new=252	applied=0	8466a972	refs/heads/lane/meals-w2-tender
07-21_00:03	new=288	applied=0	d7e4363e	refs/heads/lane/meals-w3-anchor
07-21_00:30	new=289	applied=0	edb2fcf6	refs/heads/lane/meals-w3-fiscal
07-21_00:30	new=289	applied=0	f94b6a95	refs/heads/lane/meals-w3-projection
07-21_11:04	new=289	applied=0	98262aab	refs/heads/lane/meals-w3-statements
08-01_16:00	new=1	applied=0	25586d86	refs/heads/lane/meals-xz-credit
07-29_02:13	new=0	applied=1	0735c540	refs/heads/lane/menu-margin-read
08-05_02:11	new=1	applied=0	a613f026	refs/heads/lane/mig-stack-record
08-03_17:32	new=4	applied=0	58a63518	refs/heads/lane/mrg-price-correction-2
08-03_12:15	new=1	applied=0	9a00da6e	refs/heads/lane/mrg-starter-150b
07-20_14:26	new=204	applied=0	7a463e9b	refs/heads/lane/order-created-utc
08-04_16:52	new=2	applied=0	015c07ca	refs/heads/lane/pdf-creditnote-name
08-04_02:34	new=2	applied=0	a60da359	refs/heads/lane/phone-in-path
07-29_01:03	new=0	applied=1	03e60360	refs/heads/lane/pinfix
08-04_12:38	new=2	applied=0	363d3f7f	refs/heads/lane/push-token-in-path
08-04_16:02	new=5	applied=0	a6583a02	refs/heads/lane/replay-pins-close
08-02_16:28	new=3	applied=0	bd765c7d	refs/heads/lane/review-residuals-provider
08-02_16:44	new=24	applied=0	15a1d0b7	refs/heads/lane/review-residuals-rezone
08-03_23:21	new=1	applied=0	11829752	refs/heads/lane/rollback-tracked-sweep
08-04_11:32	new=3	applied=0	a5b9e28b	refs/heads/lane/route-guard-gaps
08-01_16:17	new=1	applied=0	485959ab	refs/heads/lane/statute-honesty
08-04_14:30	new=1	applied=0	78a59ed6	refs/heads/lane/telemetry-initializer-floor
08-02_16:26	new=1	applied=0	06b8b582	refs/heads/lane/train-disclosure
08-04_13:19	new=1	applied=0	01cd5eee	refs/heads/lane/train-idempotency-refusal
07-30_22:28	new=2	applied=0	ce400f72	refs/heads/lane/trb2
08-02_17:00	new=2	applied=0	b560bc3a	refs/heads/lane/trn-evidence-names
08-03_10:34	new=1	applied=0	88b7307f	refs/heads/lane/utlkvit-reprint-kind
08-03_10:45	new=1	applied=0	cb18cab4	refs/heads/lane/vipps-redact-404
07-29_00:47	new=0	applied=1	e7c8d317	refs/heads/lane/w0-businessdate
07-20_16:12	new=246	applied=0	47274228	refs/heads/lane/w4s-attendance
07-20_16:40	new=247	applied=0	d4263404	refs/heads/lane/w4s-clock
07-20_16:15	new=246	applied=0	7da7e3d0	refs/heads/lane/w4s-personalliste
07-20_16:13	new=246	applied=0	448f3adb	refs/heads/lane/w4s-pos
08-03_10:56	new=1	applied=0	f3887f9a	refs/heads/lane/wf-adjust-address
08-04_00:29	new=1	applied=0	3b593fef	refs/heads/lane/wf-blind-bind-name
08-03_11:23	new=1	applied=0	9d1719df	refs/heads/lane/wf-bootstrap
08-03_17:04	new=28	applied=0	6fa2cbc3	refs/heads/lane/wf-bootstrap-one-engagement
08-03_11:30	new=1	applied=0	f14c91ec	refs/heads/lane/wf-clock-wire
08-04_01:21	new=2	applied=0	0b28f601	refs/heads/lane/wf-contact-imported
08-04_02:29	new=2	applied=0	182fa43e	refs/heads/lane/wf-correction-path
08-01_20:59	new=1	applied=0	8a9080c8	refs/heads/lane/wf-demo-presence
08-04_20:34	new=22	applied=0	4b911917	refs/heads/lane/wf-digest-tautology
08-04_00:30	new=1	applied=0	2661b752	refs/heads/lane/wf-exchange-award-ungated
08-01_13:45	new=1	applied=0	a5ff40f2	refs/heads/lane/wf-exchange-move
08-04_01:40	new=1	applied=0	a1d57208	refs/heads/lane/wf-idempotency-refusal
08-04_03:02	new=2	applied=0	02684ecc	refs/heads/lane/wf-idempotency-refusal-rest
08-04_21:44	new=1	applied=0	68f2472c	refs/heads/lane/wf-invite-list-revoke
08-04_02:08	new=2	applied=0	a3a526ae	refs/heads/lane/wf-link-deadend
08-04_21:36	new=1	applied=0	de0811f6	refs/heads/lane/wf-onboard-claim
08-04_21:36	new=1	applied=0	de0811f6	refs/heads/lane/wf-onboard-demo-run
07-21_00:02	new=288	applied=0	1c021dac	refs/heads/lane/wf-personalliste-write
08-04_10:45	new=1	applied=0	100ae000	refs/heads/lane/wf-push-still-lies
08-04_03:34	new=1	applied=0	1ee483c0	refs/heads/lane/wf-timeoff-decide-gate
08-04_11:07	new=28	applied=0	bc9c7e96	refs/heads/lane/wf-timesheet-race
08-04_03:43	new=23	applied=0	da452fe2	refs/heads/lane/wf-timesheet-wire
08-04_10:59	new=1	applied=0	74405b34	refs/heads/lane/wf-withheld-bound
07-29_01:20	new=3	applied=0	6d2a526f	refs/heads/lane/wire-containment-fix
08-04_12:00	new=1	applied=0	3c7b28ee	refs/heads/lane/wolt-sync-unregistered
08-04_12:45	new=1	applied=0	9bdfc267	refs/heads/lane/xz-credit-fields
08-04_15:24	new=4	applied=0	6c394057	refs/heads/lane/xz-printed-defects
07-20_21:26	new=265	applied=0	e3e13973	refs/heads/prep/events-landing
07-21_12:11	new=293	applied=0	eda4343f	refs/heads/prep/events-w3-landing
07-20_21:40	new=263	applied=0	846e840d	refs/heads/prep/growth-landing
07-21_11:38	new=292	applied=0	f7e9d9b0	refs/heads/prep/growth-w3-landing
07-20_21:40	new=264	applied=0	0f2cda3c	refs/heads/prep/margin-landing
07-21_11:25	new=292	applied=0	2d4f889a	refs/heads/prep/margin-w3-landing
07-21_11:28	new=292	applied=0	2345f12c	refs/heads/prep/meals-w3-landing
07-20_11:04	new=203	applied=0	f531c441	refs/heads/rebrand
