--	e11fda60	refs/heads/feature/c5-push-prereqs	
--	8ccc1ed7	refs/heads/feature/rebrand-ali-port	
--	903b70d1	refs/heads/feature/restaurant-control-stage0	
-M	8e2b57de	refs/heads/feature/restaurant-modules	
--	d5fc03f7	refs/heads/feature/shift-scheduling	
--	597192ef	refs/heads/feature/swiss	
--	a64beb03	refs/heads/feature/twint-swiss	
--	60741b4e	refs/heads/fix/dup-tableid-migration	
--	18660066	refs/heads/integration/be-cutover	
--	eeb1b8c4	refs/heads/integration/confirm-family	
C-	4b37f81b	refs/heads/integration/mig-stack-land	
-M	b9c95082	refs/heads/land/meals-posrel	
--	d776f9e7	refs/heads/land/meals-posrel-v1	
--	e88af796	refs/heads/lane/a1-store-country	
--	e88af796	refs/heads/lane/a2-growth-flake	
--	e88af796	refs/heads/lane/a3-tx-gate	
--	e88af796	refs/heads/lane/a5-events-w4	
--	e88af796	refs/heads/lane/a6-meals-minors	
--	a154ca19	refs/heads/lane/accounting-export-silent	
C-	c606993a	refs/heads/lane/acct-uidx	
CM	2f33b81c	refs/heads/lane/adminaudit	
-M	5b2e99c8	refs/heads/lane/ai-middleware-delete	
CM	21dbe640	refs/heads/lane/attend-round	
CM	d6e35955	refs/heads/lane/attribution-migrations	
--	909f95bc	refs/heads/lane/authclean	
--	e88af796	refs/heads/lane/b1-training-w3	
--	e88af796	refs/heads/lane/b2-wf-exchange	
--	e88af796	refs/heads/lane/b3-wf-timesheets	
--	75dcc2ff	refs/heads/lane/census-floors-derived	
-M	bfe57c3c	refs/heads/lane/composition-root-check	
-M	6771ba9a	refs/heads/lane/confirm-conat-retire	
-M	02c077cb	refs/heads/lane/confirm-postmerge-pin	
-M	8704ff63	refs/heads/lane/confirm-server-halves	
--	edbb7dea	refs/heads/lane/cors-credentialed-origin	
--	17c12c20	refs/heads/lane/cors-followups	
--	3d2c087c	refs/heads/lane/cost-rollup	
--	24c95aa9	refs/heads/lane/credit-note-number	
-M	cfb3b14a	refs/heads/lane/crypto-pin-byform	
CM	f897b2eb	refs/heads/lane/d01-epoch-cutover	
CM	3e0551c1	refs/heads/lane/d1-race-verify	
--	b10eb11c	refs/heads/lane/dated-test-output	
--	7adee117	refs/heads/lane/demo-workforce	
CM	ec5ead1e	refs/heads/lane/demo5	
-M	9207f480	refs/heads/lane/download-headers	
-M	a7b90cbd	refs/heads/lane/download-pdf-wire	
--	08309e39	refs/heads/lane/ef-index-shadow-sweep	
CM	cef33255	refs/heads/lane/email-pii-redaction	
--	f028c0a8	refs/heads/lane/eod-credit-split	
CM	5a5b3de8	refs/heads/lane/epoch-margin	
CM	28e95cd9	refs/heads/lane/epoch-meals	
CM	e8f06833	refs/heads/lane/epoch-training	
-M	8eee00f7	refs/heads/lane/ev-accept-gate	
--	8ef3ce74	refs/heads/lane/ev-accept-receipt	
CM	99f56e63	refs/heads/lane/ev-capture	
CM	4e30cab1	refs/heads/lane/ev-dietary	
--	7e9c38bf	refs/heads/lane/ev-extdep	
--	07247536	refs/heads/lane/ev-extdep-guards	
-M	b0b501a5	refs/heads/lane/ev-guest-origin	
--	8ecb47df	refs/heads/lane/ev-inquiry-gate	
--	59a1d607	refs/heads/lane/ev-outbox-flake	
--	79f9dd7d	refs/heads/lane/ev-outbox-guid-substring	
CM	1ec802c0	refs/heads/lane/ev-port-contract	
CM	63509751	refs/heads/lane/ev-rails	
--	db9b39a1	refs/heads/lane/ev-refund-fake-arg	
--	caee6ae3	refs/heads/lane/ev-seed-deposits	
--	e5de872d	refs/heads/lane/ev-stale-cause	
CM	a43b2815	refs/heads/lane/ev-sweep	
CM	fecd9780	refs/heads/lane/ev-token	
--	6a7bf75b	refs/heads/lane/ev-uri-relative	
CM	94f948ec	refs/heads/lane/ev-vat	
--	9e3a607b	refs/heads/lane/ev-vipps-fallback	
--	fc09be1d	refs/heads/lane/ev-vipps-fallback-2	
CM	2d244bf9	refs/heads/lane/evb4fix	
CM	06754037	refs/heads/lane/events-admin-reads	
CM	aa5edfb7	refs/heads/lane/events-currency	
CM	b4ba9038	refs/heads/lane/events-deadletter-surface	
CM	bf866c5d	refs/heads/lane/events-deposit-order-of-writes	
CM	683b3b5e	refs/heads/lane/events-lineage-census	
CM	291410f5	refs/heads/lane/events-manual-actor	
CM	22345c1e	refs/heads/lane/events-next	
--	8db70ff9	refs/heads/lane/events-outbox	
CM	35581782	refs/heads/lane/events-settlement-409	
--	717082b2	refs/heads/lane/events-settlement-reads	
--	d4ba0bdc	refs/heads/lane/events-w2-anchor	
--	969cf6cb	refs/heads/lane/events-w2-deposits	
--	583e9717	refs/heads/lane/events-w2-harness	
--	652d64d4	refs/heads/lane/events-w2-proposals	
--	7fb4e8b4	refs/heads/lane/events-w3-anchor	
--	6230daeb	refs/heads/lane/events-w3-consumer	
--	3f83d5e4	refs/heads/lane/events-w3-runsheets	
--	7dc753a4	refs/heads/lane/events-w3-settlement	
CM	027d6946	refs/heads/lane/fkmask	
CM	790ed8bc	refs/heads/lane/flagguard	
--	e45ec4c1	refs/heads/lane/flags-effective-resolvers	
--	6ae0b8db	refs/heads/lane/flags-excuse-byflag	
--	f2517d5d	refs/heads/lane/fragile-needles	
--	3ea531f5	refs/heads/lane/gr-approval-state	
-M	75e5168c	refs/heads/lane/gr-confirm-stale	
-M	48950702	refs/heads/lane/gr-confirmed-email	
--	3b42da1d	refs/heads/lane/gr-deadline-onwire	
--	f7abfd8e	refs/heads/lane/gr-deadline-statute	
CM	3579bbbc	refs/heads/lane/gr-delivery-record	
-M	a1e2655f	refs/heads/lane/gr-dispatch-actor	
--	54a8bb51	refs/heads/lane/gr-exit-wire-the-mail	
--	b521bdb5	refs/heads/lane/gr-newsletter-cross-verify	
--	5b895dc4	refs/heads/lane/gr-postmark-webhook	
-M	5719fc96	refs/heads/lane/gr-testsend-guard	
-M	c96cd21e	refs/heads/lane/gr-testsend-ratelimit	
--	e0c2b02f	refs/heads/lane/gr-withdraw-origin	
-M	bd3a840f	refs/heads/lane/growth-audit-ledger	
CM	4c9674e2	refs/heads/lane/growth-consent-text	
--	c11e78a6	refs/heads/lane/growth-health-honest	
CM	af6ec9dc	refs/heads/lane/growth-mail-postmark	
--	87600a1c	refs/heads/lane/growth-newsletter-wire	
CM	eab5db62	refs/heads/lane/growth-next	
--	2a052800	refs/heads/lane/growth-prefcentre	
CM	7b819be3	refs/heads/lane/growth-privacy	
CM	6b4913b8	refs/heads/lane/growth-privacy-evidence	
CM	5bb449dc	refs/heads/lane/growth-reach	
CM	ba8ef616	refs/heads/lane/growth-seed-idempotent	
CM	a308bbe5	refs/heads/lane/growth-shred-sweep	
-M	8e2b57de	refs/heads/lane/growth-sql-catch-typed	
--	d1c6c8f1	refs/heads/lane/growth-w2-anchor	
--	b249225d	refs/heads/lane/growth-w2-endpoints	
--	ab827095	refs/heads/lane/growth-w2-harness	
--	06b76e8c	refs/heads/lane/growth-w2-provider	
--	6d99b485	refs/heads/lane/growth-w3-anchor	
--	bab12bd8	refs/heads/lane/growth-w3-dispatch	
--	e5d29a3e	refs/heads/lane/growth-w3-provider	
--	b08e0681	refs/heads/lane/growth-w3-security	
CM	f8958fb0	refs/heads/lane/growth-webhook-auth	
CM	71b3648a	refs/heads/lane/growth-wire	
--	6dcc1503	refs/heads/lane/hosted-service-floor	
CM	dae1b70f	refs/heads/lane/invite-claim-refusal	
-M	d7ffdae9	refs/heads/lane/invoice-authorize	
-M	1a0c0cbb	refs/heads/lane/invoice-retry-retirement	
--	1df46dcc	refs/heads/lane/isofix	
CM	041b077e	refs/heads/lane/kassa-journal-triggers	
--	2c1eebaf	refs/heads/lane/lanes-out-of-assembly	
CM	3579bbbc	refs/heads/lane/live-world-seed	
CM	ba5f03d7	refs/heads/lane/margin-currency	
--	10098b86	refs/heads/lane/margin-d0	
--	a6a1174b	refs/heads/lane/margin-finalize-lag	
CM	013b1699	refs/heads/lane/margin-next	
--	6368427b	refs/heads/lane/margin-price-correction	
CM	c681d501	refs/heads/lane/margin-product-link-guard	
CM	e2a0d943	refs/heads/lane/margin-reachability	
CM	eb88aa81	refs/heads/lane/margin-refusal-codes	
CM	b27c296d	refs/heads/lane/margin-revision-split	
--	de47607f	refs/heads/lane/margin-s0	
CM	10114fb2	refs/heads/lane/margin-seed-collision	
--	a2bfd116	refs/heads/lane/margin-violation-anchor	
--	033e5a76	refs/heads/lane/margin-w2-harness	
--	bfcb0a27	refs/heads/lane/margin-w2-import	
--	e8452b3c	refs/heads/lane/margin-w2-prices	
--	d867499f	refs/heads/lane/margin-w2-recipes	
--	a68c2a6f	refs/heads/lane/margin-w3-anchor	
--	605cf3b2	refs/heads/lane/margin-w3-journeys	
--	fae8a08b	refs/heads/lane/margin-w3-projector	
--	ade1361b	refs/heads/lane/margin-w3-statements	
C-	afcfddbc	refs/heads/lane/margin-waste	
--	1ed372bd	refs/heads/lane/margin-waste-500	
CM	5a5b3de8	refs/heads/lane/margin-xcurrency	
--	cf88973a	refs/heads/lane/meals-agreement-create	
--	4bbf34a5	refs/heads/lane/meals-agreement-pin-inverts	
CM	29d66c76	refs/heads/lane/meals-audit-choke	
--	4fff635d	refs/heads/lane/meals-degenerate-two	
--	f7b30b2d	refs/heads/lane/meals-docsync	
--	9fe599c6	refs/heads/lane/meals-eighth-pin	
--	9c450f80	refs/heads/lane/meals-eighth-read	
CM	e537bac9	refs/heads/lane/meals-fiscal-scoping	
--	5a254d72	refs/heads/lane/meals-floor-pins	
--	702d9481	refs/heads/lane/meals-fourway-tier	
CM	bf650efd	refs/heads/lane/meals-gate	
--	34c6c103	refs/heads/lane/meals-grace-pins	
--	54714dd6	refs/heads/lane/meals-idempotency-refusal	
--	44af0f8b	refs/heads/lane/meals-lever-withhold	
--	086ac34f	refs/heads/lane/meals-members-read	
CM	49056e60	refs/heads/lane/meals-next	
-M	32fd5a86	refs/heads/lane/meals-pos-tender-wire	
--	92d45967	refs/heads/lane/meals-quote-retry	
CM	42ea687e	refs/heads/lane/meals-race-tests	
CM	320f9473	refs/heads/lane/meals-reach	
--	1b03e8e2	refs/heads/lane/meals-reachable	
--	02f27b95	refs/heads/lane/meals-reachable-api	
-M	af53dc84	refs/heads/lane/meals-release	
--	249612ac	refs/heads/lane/meals-release-actor	
--	f70a0254	refs/heads/lane/meals-release-race	
--	d5483cb3	refs/heads/lane/meals-requote-release	
CM	56b1493e	refs/heads/lane/meals-reservation-wire	
CM	0384222e	refs/heads/lane/meals-statement-immutable	
--	7dafec47	refs/heads/lane/meals-supersede-sql	
--	4bddfc7d	refs/heads/lane/meals-sweep-guard	
-M	1a03bc6c	refs/heads/lane/meals-utlkvit	
-M	13cd9f18	refs/heads/lane/meals-violation-exact	
--	5a0247b4	refs/heads/lane/meals-w1	
--	336e801c	refs/heads/lane/meals-w2-anchor	
--	374620f9	refs/heads/lane/meals-w2-funding	
--	3105cab8	refs/heads/lane/meals-w2-programs	
--	8466a972	refs/heads/lane/meals-w2-tender	
--	d7e4363e	refs/heads/lane/meals-w3-anchor	
--	edb2fcf6	refs/heads/lane/meals-w3-fiscal	
--	f94b6a95	refs/heads/lane/meals-w3-projection	
--	98262aab	refs/heads/lane/meals-w3-statements	
--	25586d86	refs/heads/lane/meals-xz-credit	
CM	d81f037b	refs/heads/lane/mealscfg	
CM	f9613482	refs/heads/lane/mealsdrift	
--	0735c540	refs/heads/lane/menu-margin-read	
C-	32c56fa4	refs/heads/lane/mig-company-receivable	
--	a613f026	refs/heads/lane/mig-stack-record	
CM	a5fca63c	refs/heads/lane/module-audit-pins	
CM	fff3af88	refs/heads/lane/money-path-attribution	
--	58a63518	refs/heads/lane/mrg-price-correction-2	
--	9a00da6e	refs/heads/lane/mrg-starter-150b	
--	7a463e9b	refs/heads/lane/order-created-utc	
--	015c07ca	refs/heads/lane/pdf-creditnote-name	
-M	17198f14	refs/heads/lane/pdf-nullderef	
--	a60da359	refs/heads/lane/phone-in-path	
CM	a8c6a0f3	refs/heads/lane/pii-log-sweep	
CM	a114520d	refs/heads/lane/piiallow	
--	03e60360	refs/heads/lane/pinfix	
CM	ac76711e	refs/heads/lane/pinfixes	
CM	e4e9d760	refs/heads/lane/pinharden	
CM	61e18960	refs/heads/lane/plan-doc-corrections	
CM	2e593d96	refs/heads/lane/poweruser-pin-realign	
CM	beeb1a1a	refs/heads/lane/poweruser-seed-honesty	
--	363d3f7f	refs/heads/lane/push-token-in-path	
CM	a2cdb423	refs/heads/lane/reachsweep	
--	a6583a02	refs/heads/lane/replay-pins-close	
-M	d9189fbd	refs/heads/lane/reservation-limiter-move	
--	bd765c7d	refs/heads/lane/review-residuals-provider	
--	15a1d0b7	refs/heads/lane/review-residuals-rezone	
--	11829752	refs/heads/lane/rollback-tracked-sweep	
--	a5b9e28b	refs/heads/lane/route-guard-gaps	
CM	5f2e4c18	refs/heads/lane/rule34	
CM	537f302e	refs/heads/lane/rulepack-jurisdictions	
CM	f31b2dfb	refs/heads/lane/schedule-publication-immutable	
CM	bdf8f1f8	refs/heads/lane/sqlserver-trait-hygiene	
--	485959ab	refs/heads/lane/statute-honesty	
CM	51764278	refs/heads/lane/store-market-columns	
CM	28e95cd9	refs/heads/lane/swallow	
--	78a59ed6	refs/heads/lane/telemetry-initializer-floor	
-M	8e2b57de	refs/heads/lane/train-demo-seed	
--	06b8b582	refs/heads/lane/train-disclosure	
CM	c5c15f17	refs/heads/lane/train-evidence-endpoint	
CM	733cb36e	refs/heads/lane/train-evidence-pins	
--	01cd5eee	refs/heads/lane/train-idempotency-refusal	
CM	66d5bba8	refs/heads/lane/trainflags	
CM	cad060da	refs/heads/lane/training-cas-guard	
CM	c76744db	refs/heads/lane/training-etag	
CM	387d727d	refs/heads/lane/training-evidence-surface	
CM	6e69b32b	refs/heads/lane/training-next	
CM	f2573894	refs/heads/lane/trainrev	
CM	e4494c88	refs/heads/lane/trainwire	
--	ce400f72	refs/heads/lane/trb2	
--	b560bc3a	refs/heads/lane/trn-evidence-names	
CM	b2253a74	refs/heads/lane/unsub-oneclick	
-M	3a509b68	refs/heads/lane/utlkvit-replay-source	
--	88b7307f	refs/heads/lane/utlkvit-reprint-kind	
-M	1854f594	refs/heads/lane/utlkvit-sale-row	
CM	06754037	refs/heads/lane/verified-claims-audit	
--	cb18cab4	refs/heads/lane/vipps-redact-404	
--	e7c8d317	refs/heads/lane/w0-businessdate	
CM	ee0a450d	refs/heads/lane/w3-labour-band	
--	47274228	refs/heads/lane/w4s-attendance	
--	d4263404	refs/heads/lane/w4s-clock	
--	7da7e3d0	refs/heads/lane/w4s-personalliste	
--	448f3adb	refs/heads/lane/w4s-pos	
--	f3887f9a	refs/heads/lane/wf-adjust-address	
C-	cff1c005	refs/heads/lane/wf-adjustment-ordinal	
--	3b593fef	refs/heads/lane/wf-blind-bind-name	
--	9d1719df	refs/heads/lane/wf-bootstrap	
--	6fa2cbc3	refs/heads/lane/wf-bootstrap-one-engagement	
--	f14c91ec	refs/heads/lane/wf-clock-wire	
--	0b28f601	refs/heads/lane/wf-contact-imported	
--	182fa43e	refs/heads/lane/wf-correction-path	
CM	bbac045c	refs/heads/lane/wf-cost-stability	
--	8a9080c8	refs/heads/lane/wf-demo-presence	
--	4b911917	refs/heads/lane/wf-digest-tautology	
--	2661b752	refs/heads/lane/wf-exchange-award-ungated	
--	a5ff40f2	refs/heads/lane/wf-exchange-move	
C-	3a4442a7	refs/heads/lane/wf-export-duplicate	
CM	1cf3b25e	refs/heads/lane/wf-gate	
--	a1d57208	refs/heads/lane/wf-idempotency-refusal	
--	02684ecc	refs/heads/lane/wf-idempotency-refusal-rest	
--	68f2472c	refs/heads/lane/wf-invite-list-revoke	
--	a3a526ae	refs/heads/lane/wf-link-deadend	
--	de0811f6	refs/heads/lane/wf-onboard-claim	
--	de0811f6	refs/heads/lane/wf-onboard-demo-run	
--	1c021dac	refs/heads/lane/wf-personalliste-write	
-M	f5305ced	refs/heads/lane/wf-push-notify	
-M	991c21f6	refs/heads/lane/wf-push-silent	
--	100ae000	refs/heads/lane/wf-push-still-lies	
CM	c11764a9	refs/heads/lane/wf-schedimm2	
CM	d63b5f5c	refs/heads/lane/wf-supplements	
--	1ee483c0	refs/heads/lane/wf-timeoff-decide-gate	
--	bc9c7e96	refs/heads/lane/wf-timesheet-race	
--	da452fe2	refs/heads/lane/wf-timesheet-wire	
-M	cdb4c66c	refs/heads/lane/wf-violation-exact	
C-	9e82b286	refs/heads/lane/wf-w5-timesheet	
--	74405b34	refs/heads/lane/wf-withheld-bound	
--	6d2a526f	refs/heads/lane/wire-containment-fix	
CM	7dbac511	refs/heads/lane/wire-tier-rowversion	
--	3c7b28ee	refs/heads/lane/wolt-sync-unregistered	
CM	1b5068b2	refs/heads/lane/workforce-audit-actor	
CM	264a6bfd	refs/heads/lane/workforce-next	
--	9bdfc267	refs/heads/lane/xz-credit-fields	
--	6c394057	refs/heads/lane/xz-printed-defects	
CM	3b782627	refs/heads/master	
--	e3e13973	refs/heads/prep/events-landing	
--	eda4343f	refs/heads/prep/events-w3-landing	
--	846e840d	refs/heads/prep/growth-landing	
--	f7e9d9b0	refs/heads/prep/growth-w3-landing	
--	0f2cda3c	refs/heads/prep/margin-landing	
--	2d4f889a	refs/heads/prep/margin-w3-landing	
--	2345f12c	refs/heads/prep/meals-w3-landing	
--	f531c441	refs/heads/rebrand	
