L-ARTIFACT-FIELDS-VS-HARNESS	-	-	-	-
L-ARTIFACT-NAMES-ITS-LOCALE	-	/Users/svendaneel/okam/web-artloc	/Users/svendaneel/okam/web-artloc	-
L-ARTIFACT-PROVENANCE	-	-	-	-
L-ARTIFACT-RANK-KEY	-	-	-	-
L-BUILT-BUT-ON-NO-REF	-	/Users/svendaneel/okam/web-pos-clock,/Users/svendaneel/okam/web-vatkeys,/Users/svendaneel/okam/wt-wfinvite	-	sharedmention
L-COMPOSE-FE-CANDIDATE	-	-	-	sharedmention
L-COMPOSE-FE-CANDIDATE	-	-	-	sharedmention
L-COMPOSE-FE-CANDIDATE	-	-	-	sharedmention
L-CONFIRM-ADMIN-SURFACE	-	-	-	-
L-CORE-ORE-LABEL	-	-	-	-
L-DUPLICATE-KEY-IN-THE-BUILD	Web-modules	-	/Users/svendaneel/okam/web-dupbuild	sharedmention
L-EV-ACCEPT-RECEIPT	-	-	-	-
L-EV-DEPOSITS-PRECONDITION	-	-	-	-
L-EV-FAMILY-LAND	-	-	-	-
L-EV-JOURNEY-TIMEBOMB	Web-modules,wt-evtb	/Users/svendaneel/okam/wt-evtb	/Users/svendaneel/okam/wt-evtb	-
L-EV-RUNSHEET-PRINT	-	-	-	-
L-EV-STALE-CAUSE	web-evstale	/Users/svendaneel/okam/web-evstale,/Users/svendaneel/okam/web-statute	/Users/svendaneel/okam/web-evstale	-
L-FE-JOURNEYS-MERGE	-	/Users/svendaneel/okam/web-journeys,/Users/svendaneel/okam/web-wf-onboard	-	sharedmention
L-FE-WF-INVITE-LIST-REVOKE	web-fe-invlist	/Users/svendaneel/okam/web-fe-invlist	/Users/svendaneel/okam/web-fe-invlist	-
L-FE-WF-ONBOARD-WALK	-	/Users/svendaneel/okam/web-fe-wf-self,/Users/svendaneel/okam/web-wf-onboard	-	sharedmention
L-FLAGS-JOURNEY-SWEEP	-	-	-	-
L-FLAGS-NOTE-FALSIFIABLE	-	-	-	-
L-GR-CONFIRMED-PIN-FIX	-	-	-	-
L-GR-DEADLINE-ONWIRE	-	-	-	sharedmention
L-GR-EXIT-WIRE-THE-MAIL	web-kodeui	/Users/svendaneel/okam/wt-fe-exitmail	-	-
L-GR-PRIVACY-VENUE	-	-	-	-
L-GROWTH-PREFCENTRE	-	/Users/svendaneel/okam/wt-prefcentre-fe	-	-
L-JOURNEY-ARTIFACTS-UNWITNESSED	-	-	-	-
L-JOURNEY-COVERAGE-THREE	-	/Users/svendaneel/okam/web-journeys	-	-
L-JOURNEY-EVENTS	-	-	-	-
L-JOURNEY-GROWTH	-	-	-	-
L-JOURNEY-MARGIN	-	-	-	-
L-JOURNEY-PORT-HARDCODED	-	-	-	-
L-JOURNEY-TRAINING	-	-	-	sharedmention
L-JOURNEY-WORKFORCE	-	/Users/svendaneel/okam/web-wf-adjust	-	sharedmention
L-LINT-RUNNABLE	Web,Web-modules,web-lintrunnable,web-menu-allergen	/Users/svendaneel/okam/web-lintrunnable	/Users/svendaneel/okam/web-lintrunnable	sharedmention
L-LIVE-BUILD-EXPORT	-	-	-	-
L-LIVE-SEED-VIA-PRODUCT	-	-	-	-
L-LIVE-WORLD-ADMINCRED	web-admincred	/Users/svendaneel/okam/web-admincred	-	sharedmention
L-LIVE-WORLD-DISCOVER	-	-	-	-
L-LIVE-WORLD-SEED	-	-	-	-
L-MEALS-FUNDED	-	-	-	-
L-MEALS-RECONCILE-UI	web-mealsrecon	/Users/svendaneel/okam/web-fe-tm,/Users/svendaneel/okam/web-mealsrecon	-	sharedmention
L-MEALS-STALE-TOKEN	-	-	-	-
L-MEALS-STATEMENT-SURFACE	-	-	-	-
L-MENU-ALLERGEN-MATRIX	web-menu-allergen	/Users/svendaneel/okam/web-menu-allergen	/Users/svendaneel/okam/web-menu-allergen	-
L-MODAL-BROKEN-TWO	web-modal-two	/Users/svendaneel/okam/web-modal-two	/Users/svendaneel/okam/web-modal-two	-
L-MODAL-LAND	-	/Users/svendaneel/okam/web-modal-scrolllock,/Users/svendaneel/okam/web-modal-seven	-	sharedmention
L-MODAL-SCROLLLOCK	-	/Users/svendaneel/okam/web-modal-scrolllock,/Users/svendaneel/okam/web-print-host	/Users/svendaneel/okam/web-modal-scrolllock	-
L-MODAL-SEVEN	-	/Users/svendaneel/okam/web-modal-scrolllock,/Users/svendaneel/okam/web-modal-seven	/Users/svendaneel/okam/web-modal-seven	-
L-PRICE-NULL-ZERO	-	-	-	-
L-PRINT-HOST	-	/Users/svendaneel/okam/web-print-host	/Users/svendaneel/okam/web-print-host	-
L-STATUTE-EVIDENCE-WORLD	web-statute-world	/Users/svendaneel/okam/web-print-host,/Users/svendaneel/okam/web-statute,/Users/svendaneel/okam/web-statute-world	/Users/svendaneel/okam/web-statute-world	-
L-STATUTE-HONESTY	web-statute	/Users/svendaneel/okam/web-print-host,/Users/svendaneel/okam/web-statute	/Users/svendaneel/okam/web-statute	-
L-TRAIN-DISCLOSURE	-	-	-	-
L-TRAIN-EVIDENCE-NAMES-COURSE	-	-	-	-
L-TRAIN-EVIDENCE-PACK-UI	-	-	-	-
L-TRAIN-PUBLISH-UNCLICKABLE	-	-	-	-
L-TRAIN-W3-SCHEMA	-	-	-	-
L-VUE3-SHAPE-GUARD	-	/Users/svendaneel/okam/web-vue3shape	/Users/svendaneel/okam/web-vue3shape	-
L-WF-CONTACT-IMPORTED	-	/Users/svendaneel/okam/web-wf-contact,/Users/svendaneel/okam/web-wf-oplink	-	-
L-WF-DEMO-PRESENCE	-	-	-	-
L-WF-FAILURES-SURFACE	-	-	-	sharedmention
L-WF-FLAGS-UI	-	-	-	-
L-WF-IDREG	web-wf-idreg	/Users/svendaneel/okam/web-wf-idreg	/Users/svendaneel/okam/web-wf-idreg	sharedmention
L-WF-INVITE-SURFACE	wt-wfinvite	/Users/svendaneel/okam/wt-wfinvite	/Users/svendaneel/okam/wt-wfinvite	sharedmention
L-WF-KODEOVERSIKT-UI	web-kodeui	/Users/svendaneel/okam/web-kodeui,/Users/svendaneel/okam/web-wf-idreg	/Users/svendaneel/okam/web-kodeui	-
L-WF-LINK-DEADEND	web-linkdeadend	/Users/svendaneel/okam/web-blindbind,/Users/svendaneel/okam/web-linkdeadend	-	-
L-WF-ONBOARD	-	-	-	-
L-WF-OPLINK	web-wf-oplink	/Users/svendaneel/okam/web-pos-clock,/Users/svendaneel/okam/web-wf-oplink	-	-
L-WF-PIVOT-DEFECTS	-	-	-	sharedmention
L-WF-PUBHIST	-	-	-	-
L-WF-PUNCH-UI	-	-	-	-
L-WF-ROLES-UI	-	-	-	-
L-WF-TIMESHEET-UI	-	-	-	-
L-WORLD-STAMP-WINDOWS	-	-	-	-
