feature/c5-push-prereqs	e11fda60d6940abe80f16dca190b1633fe3e35f9	219	467
feature/rebrand-ali-port	8ccc1ed73c40a0dec6e3e2677df1994b6dcb06f7	221	467
feature/restaurant-control-stage0	903b70d141d5c28d563047761431967a84b8e528	387	467
feature/restaurant-modules	8e2b57de8442a389a9b5f8025312c9750614c85e	0	0
feature/shift-scheduling	d5fc03f70cfda8212a2c53d7323cd336507f46c2	234	467
feature/swiss	597192efa5be8a3c373b7a3c992cb089cb5ebbda	87	521
feature/twint-swiss	a64beb03f41f3a2b2c841f51a19bdaa07d995644	1	521
fix/dup-tableid-migration	60741b4e8cdf2462e1d05fcb6e59c02640c22206	216	467
integration/be-cutover	1866006685a52fbce193a1ac581d23c27d19c179	210	467
integration/confirm-family	eeb1b8c47d3726f228edbb388030f6901d66bcfc	10	49
integration/mig-stack-land	4b37f81bf30ee07175d45647d7398ba5f3b95c74	34	59
land/meals-posrel	b9c95082015640c5325b1efd40dda820bbf4e255	0	45
land/meals-posrel-v1	d776f9e7e7f35f15b9a9754b6f91508289d7517a	2	51
lane/a1-store-country	e88af796420890b96bca6a80dbcbc181d6f78a66	380	467
lane/a2-growth-flake	e88af796420890b96bca6a80dbcbc181d6f78a66	380	467
lane/a3-tx-gate	e88af796420890b96bca6a80dbcbc181d6f78a66	380	467
lane/a5-events-w4	e88af796420890b96bca6a80dbcbc181d6f78a66	380	467
lane/a6-meals-minors	e88af796420890b96bca6a80dbcbc181d6f78a66	380	467
lane/accounting-export-silent	a154ca19b5d8121b2d4b53b21dfa20ae1765b201	1	0
lane/acct-uidx	c606993aa8ed2a682c9f036558f5ff9fe3500a15	26	81
lane/adminaudit	2f33b81ccad7acabfc7869731909c1432605ab0a	0	321
lane/ai-middleware-delete	5b2e99c8fd74cecdac81210f413c38cd3e1f6af7	0	58
lane/attend-round	21dbe64007a1b877a78f2ef5e9643d15e0245a6b	0	316
lane/attribution-migrations	d6e35955f422103673265b943936989adacb9151	0	232
lane/authclean	909f95bcc32d0d83eb970914d52bfd2687bf89f9	1	322
lane/b1-training-w3	e88af796420890b96bca6a80dbcbc181d6f78a66	380	467
lane/b2-wf-exchange	e88af796420890b96bca6a80dbcbc181d6f78a66	380	467
lane/b3-wf-timesheets	e88af796420890b96bca6a80dbcbc181d6f78a66	380	467
lane/census-floors-derived	75dcc2ff60e29294d96bc7b3fd539d1fa15ee6ef	1	59
lane/composition-root-check	bfe57c3c58acff6ae2f8ac6575791b790dd7c926	0	57
lane/confirm-conat-retire	6771ba9ad9c9db0914e10c61e9d21740af7f5cb6	0	57
lane/confirm-postmerge-pin	02c077cba65d6dd678e2de746fd55bf805e833f4	0	55
lane/confirm-server-halves	8704ff6399e5459a3be1ca684d5a208e59de6da3	0	58
lane/cors-credentialed-origin	edbb7dead5f6df71a25642c1f84275c15dbfa462	2	28
lane/cors-followups	17c12c20688203953174ba4a1b2c6d38c9df34b4	2	0
lane/cost-rollup	3d2c087cb80425dbb3c834ad75f949b8fb8cce35	1	342
lane/credit-note-number	24c95aa9439a59651ca4f27bd03be8afaefff9cd	1	5
lane/crypto-pin-byform	cfb3b14ac191dff8babbef33541366526a79f721	0	55
lane/d01-epoch-cutover	f897b2eb39a730e078b206a390e62977b81425d9	0	294
lane/d1-race-verify	3e0551c13660253769dc100c439aee3683ce84b8	0	262
lane/dated-test-output	b10eb11cc09fad3990caeb18bf2e3ef193f2a8d2	1	5
lane/demo-workforce	7adee1172a95ad8383ea423e3e2aa2eeae1e1e8e	3	331
lane/demo5	ec5ead1e5e5d0cf4ad8e8e8a0a302abf77892ed5	0	321
lane/download-headers	9207f480ef599d7017a85686b4815d5bf7e64501	0	62
lane/download-pdf-wire	a7b90cbd84becd21f9aa59f95b818d453e5ae791	0	61
lane/ef-index-shadow-sweep	08309e39b2463c09d3f1c0a3eea773ad2c6ce377	35	59
lane/email-pii-redaction	cef332558777dd49ed4e89db496ebd29e831f2f6	0	316
lane/eod-credit-split	f028c0a87b9d01f84063920e99e3e4c230118e39	4	5
lane/epoch-margin	5a5b3de8e80a1e69d8c643d52634243d48971cea	0	320
lane/epoch-meals	28e95cd9da840c1610b7c6c5f158bdaddae2e61e	0	319
lane/epoch-training	e8f06833fbc96993e40291ec656a512b7e14ab1a	0	318
lane/ev-accept-gate	8eee00f71afa9bbbda7599dfdbf2077f8196a322	0	58
lane/ev-accept-receipt	8ef3ce749fbe0a6373864f9f95067f6640767713	2	65
lane/ev-capture	99f56e636a63c9e7bffc677bb0cb4b7dad423b8b	0	118
lane/ev-dietary	4e30cab1fcdea7a54df82cd7303f50707dc52271	0	126
lane/ev-extdep	7e9c38bf33d705ca4dc1be3b10822971e116bac4	2	87
lane/ev-extdep-guards	0724753645cd0e79513311b3348348f38110d18f	3	87
lane/ev-guest-origin	b0b501a5a185d2ea7c29ec2ad9b6f2fc36afb7db	0	58
lane/ev-inquiry-gate	8ecb47dfa5d916997adcc75aec59479c0b1b41de	1	63
lane/ev-outbox-flake	59a1d6073ccae80f4671ee2f3f827f4dcf74e75f	1	11
lane/ev-outbox-guid-substring	79f9dd7d48ad7d53db3d43bb34788f4c4336a93a	1	59
lane/ev-port-contract	1ec802c02a4432a6c70fabb9f29b8d56a77de695	0	118
lane/ev-rails	6350975169fd3d4502ea96953dd57c72cd2551e3	0	130
lane/ev-refund-fake-arg	db9b39a12edd8927d244f6c0a35bea30729a0ccf	1	63
lane/ev-seed-deposits	caee6ae34d46e37edc769ebd9e0c75e2eca8eaad	2	59
lane/ev-stale-cause	e5de872d758b6a07a9b30e741a17f14a56b8dccb	1	64
lane/ev-sweep	a43b2815b08f23a42c69c61a3cb0ee1b9afce509	0	126
lane/ev-token	fecd97800176dd5411dce4cad9836663ea88323a	0	126
lane/ev-uri-relative	6a7bf75b619a9c5effb0001a7439c6deaa610354	1	63
lane/ev-vat	94f948ec64d0063cc5bf385fa8496eb2c346b7e0	0	130
lane/ev-vipps-fallback	9e3a607bb762f9adcb97613c9c2f048ac268961d	1	63
lane/ev-vipps-fallback-2	fc09be1d4ba778201972a04f7e45bad9371936d1	1	59
lane/evb4fix	2d244bf90082def87c6d85b3eb56f87f4fa9a599	0	138
lane/events-admin-reads	06754037ee19ba77b0d29f518c3ccd03d21fdce2	0	263
lane/events-currency	aa5edfb7b5b247f634ea4f23165eac153c2381b0	0	316
lane/events-deadletter-surface	b4ba9038a70d6aff57064f9b2f60dfa6533dfd50	0	320
lane/events-deposit-order-of-writes	bf866c5deb08623dcb8079805f42a097e920d0b6	0	232
lane/events-lineage-census	683b3b5e030df8511c3f9893f3263db22cb3e8ae	0	262
lane/events-manual-actor	291410f5378b837a8cc9108b2bc6909af465e961	0	219
lane/events-next	22345c1e0b467fccf4af1a233614ba556b1ba9db	0	214
lane/events-outbox	8db70ff9328b383f67018491aa2032c0100955cd	1	321
lane/events-settlement-409	3558178271bd01d0769a2549a5caf9e97c89a6e3	0	300
lane/events-settlement-reads	717082b20fe09e66de704a75f8797338b9e5dba0	1	331
lane/events-w2-anchor	d4ba0bdc4f1d8ee419f1b4cf730e1285761f9e55	266	467
lane/events-w2-deposits	969cf6cbcae34220cf1c9e429191208ee0f0b54c	268	467
lane/events-w2-harness	583e9717235f8c6da9a5a449fabd1565c442a7c0	266	467
lane/events-w2-proposals	652d64d47663bb63a960ddd9d0ae031d28045975	267	467
lane/events-w3-anchor	7fb4e8b425640076cbc6e0939be3990572c73fd1	316	467
lane/events-w3-consumer	6230daeb00b0edea53bb1967244b0552c5167a8a	317	467
lane/events-w3-runsheets	3f83d5e49cc4e8e47523c2fdad43b5e5d290b439	317	467
lane/events-w3-settlement	7dc753a42e9afc1afbaf1586f67c6149324b1061	317	467
lane/fkmask	027d69466b141e0a31ad6ea1eb2bb693f888de15	0	191
lane/flagguard	790ed8bc65c3099be80cf2418c58fd6c94f42edc	0	157
lane/flags-effective-resolvers	e45ec4c12fb1aed06cf335f57b8140c47fbc456f	1	63
lane/flags-excuse-byflag	6ae0b8db5e80f7f49b17568083d6db0a9d184e8b	2	63
lane/fragile-needles	f2517d5dc052b6db41541ffa0d73391c20c6c8a4	1	0
lane/gr-approval-state	3ea531f596c19d82e60b9d1c00b49dc95df9fdb2	1	63
lane/gr-confirm-stale	75e5168c7b174bf7e126e6db671089d450884547	0	56
lane/gr-confirmed-email	48950702df4a0c48d01f2b308c02f574e480690c	0	58
lane/gr-deadline-onwire	3b42da1d0053f32b8a858887782d91354bd9604e	1	62
lane/gr-deadline-statute	f7abfd8e9bf605df17018ee775980deabb121116	2	62
lane/gr-delivery-record	3579bbbc7707b38b76e9b119a0d2c31f988860aa	0	59
lane/gr-dispatch-actor	a1e2655f32901d1dfd895e3d0d99f4657adb3210	0	55
lane/gr-exit-wire-the-mail	54a8bb51bc20946a81f0429ac61efd245a50be20	2	0
lane/gr-newsletter-cross-verify	b521bdb52e0d5a2e843183bcf8c31558fd82340e	2	59
lane/gr-postmark-webhook	5b895dc4f4824ae48c4a6027995e247dea548d41	1	63
lane/gr-testsend-guard	5719fc96e7ddfe369c67c47bb691bd061672bbc1	0	62
lane/gr-testsend-ratelimit	c96cd21e06d4287c865cbcc1ce148995159f25f8	0	59
lane/gr-withdraw-origin	e0c2b02fdfacfebc254d38ad76b1db25e878d3e5	2	59
lane/growth-audit-ledger	bd3a840f74acc48adae0f0e461b1d33c695cc471	0	56
lane/growth-consent-text	4c9674e2830c8325f50e7353650cee2210dfc160	0	294
lane/growth-health-honest	c11e78a6aeaeaa535317b65ff5c2ee3fcf4fca1b	1	64
lane/growth-mail-postmark	af6ec9dc7c0263691ab139da3582f6fc958804b4	0	116
lane/growth-newsletter-wire	87600a1c6129546a56a369fb0f5a3563bfe58403	1	63
lane/growth-next	eab5db62d09e454d7145336f8918d328c6621a91	0	214
lane/growth-prefcentre	2a0528005555ee7d7f289852e957fbc222e54743	1	59
lane/growth-privacy	7b819be37c1e7bc9c7ac5576688a65574ed84418	0	318
lane/growth-privacy-evidence	6b4913b898d672aade80eccec7ffa002a8a8425c	0	118
lane/growth-reach	5bb449dca69abc68638b0364a7b0a1542280008d	0	82
lane/growth-seed-idempotent	ba8ef61678340b4b3b71951b4996b8ff9df0a2a2	0	300
lane/growth-shred-sweep	a308bbe525cf34da6d217a5bd65b40410b47d14b	0	317
lane/growth-w2-anchor	d1c6c8f10eb3f47accb3f6320875b1bce446f385	266	467
lane/growth-w2-endpoints	b249225df2af7ac9ebcef60d868d03a8eb344119	267	467
lane/growth-w2-harness	ab827095bbf457f380e31e9953c136c5da346b81	267	467
lane/growth-w2-provider	06b76e8c0f357dd02155e2fe0b96abb560e30c66	267	467
lane/growth-w3-anchor	6d99b485eb14351dd1e04e71a644581406bb3dcc	316	467
lane/growth-w3-dispatch	bab12bd89565b2e85352e4876576c4d2d3a9104b	317	467
lane/growth-w3-provider	e5d29a3efeefc63244a374b195b6a968819b4e4b	317	467
lane/growth-w3-security	b08e06819ea8a21cd7290b0cc8966027ef2e3edf	316	467
lane/growth-webhook-auth	f8958fb0ecf6549be9d651293909ada7677409be	0	117
lane/growth-wire	71b3648a3dda4bcbda7990283769a5c1b0aa86ea	0	126
lane/hosted-service-floor	6dcc150302af13aaeb59d5d5a04acbae044b3a8c	2	0
lane/invite-claim-refusal	dae1b70f761d70f071076b5499b78762138243d5	0	320
lane/invoice-authorize	d7ffdae9a3d9fb63c47bef947cb9a79e109ac910	0	58
lane/invoice-retry-retirement	1a0c0cbbc0665e910613fcb4b8b7d79f4c4abcb7	0	57
lane/isofix	1df46dcc92c5e4b1c6c764249b43534617b2b406	1	334
lane/kassa-journal-triggers	041b077ed98e194a72db8ccd5102fcd35dd3ba98	0	262
lane/lanes-out-of-assembly	2c1eebafb32cb3f49b54f6aaccb15079684f2747	1	0
lane/live-world-seed	3579bbbc7707b38b76e9b119a0d2c31f988860aa	0	59
lane/margin-currency	ba5f03d7268ae89c739f1a2e9104f02ad1b7d325	0	320
lane/margin-d0	10098b86278d7a991884c987488fd30a55b58242	266	467
lane/margin-finalize-lag	a6a1174b880b441f7432d9ee4fa251fa286807c8	1	118
lane/margin-next	013b1699f42ee7e3588dd3e5d416d0393d712fa1	0	214
lane/margin-price-correction	6368427b49de822d4caeba39c9b257b66e540fcc	2	59
lane/margin-product-link-guard	c681d5013280945cf12bb3f4248852a4d62d1df7	0	232
lane/margin-reachability	e2a0d943663e3aa66f96a646e6db6a66d522c9c0	0	319
lane/margin-refusal-codes	eb88aa816d539e09c943e35daa9073adb4acadf6	0	118
lane/margin-revision-split	b27c296d2d10684190f26a4115bc08ef66d356ff	0	318
lane/margin-s0	de47607f3eecdb5a72c05ec229c6e9969a33bf2d	265	467
lane/margin-seed-collision	10114fb200013ef7d1b9d111b315d66126896e61	0	220
lane/margin-violation-anchor	a2bfd11657476beed121302bcce3ff4dc48d5d34	1	5
lane/margin-w2-harness	033e5a76b5a7ccda95a7addedf44e13e718a39e2	267	467
lane/margin-w2-import	bfcb0a275e291977efc6034e1434f1ccb189192d	267	467
lane/margin-w2-prices	e8452b3c5ddde8ccf36cd0fbf85d68f6dc6ff3a1	267	467
lane/margin-w2-recipes	d867499fbccd3275d2b224cf82fe146629b2a132	267	467
lane/margin-w3-anchor	a68c2a6f186f36e71bac991f0b5969df8609a870	316	467
lane/margin-w3-journeys	605cf3b2f145949d2eda6eb0c81affe1d6e596b5	317	467
lane/margin-w3-projector	fae8a08bf766e67881afa933853a6223a3720d54	317	467
lane/margin-w3-statements	ade1361b91d4a5958b7823c5f4e7ab2f18840cde	317	467
lane/margin-waste	afcfddbc593918e8cd43c3bdb91293bc6f8f05ba	20	81
lane/margin-waste-500	1ed372bd58d1533e6564abad692682cc080e6900	22	81
lane/margin-xcurrency	5a5b3de8e80a1e69d8c643d52634243d48971cea	0	320
lane/meals-agreement-create	cf88973afaf82b89821ee8561d4c24d19c7fe862	1	331
lane/meals-agreement-pin-inverts	4bbf34a5e51a01d4dcab5b33596c86fa1803fe6e	2	5
lane/meals-audit-choke	29d66c7699c1b93bb8f5f24eabcade5c1c338260	0	318
lane/meals-degenerate-two	4fff635d0a0372540240ec67850892b22c767f94	1	63
lane/meals-docsync	f7b30b2d1f00172e47ad6b02d29ffbd9c50ff6fe	1	0
lane/meals-eighth-pin	9fe599c6c86e359b2a86bc5368b4abfd5d7831f4	3	63
lane/meals-eighth-read	9c450f80ec9a7a1ccd9f83083fb5513d6850e889	4	63
lane/meals-fiscal-scoping	e537bac9d27d0ed1ec642d71a2d0647b8686930b	0	232
lane/meals-floor-pins	5a254d72a814482c0575cabf30c83d054f5908e4	1	63
lane/meals-fourway-tier	702d9481ea3e34fb5d7c4c9bccb846ea0b7b86fe	10	63
lane/meals-gate	bf650efdcd1c31aa1dd6692398412640a8620bbd	0	126
lane/meals-grace-pins	34c6c10317ae2cde275aae6d8732b7f3ac3364b1	1	63
lane/meals-idempotency-refusal	54714dd6e3a87288c7c3e98dc8d91e99fd74ddb7	1	5
lane/meals-lever-withhold	44af0f8b4f4f5a57f57bfbf3fc534040d7615419	1	0
lane/meals-members-read	086ac34f4621cefbff349f9b58a267e65cf5e08f	1	0
lane/meals-next	49056e6057bc40446a6823b4ec42b5db375d81ac	0	212
lane/meals-pos-tender-wire	32fd5a86b00512cfdcd6250edbd26ec095028929	0	61
lane/meals-quote-retry	92d45967c065eb31e10669b273192d85fc669764	14	63
lane/meals-race-tests	42ea687e5500037f1acb357393ecf25b15ddf9f9	0	135
lane/meals-reach	320f947334db4a660de1dc482958c555407d92e4	0	116
lane/meals-reachable	1b03e8e248a75803822b492d061a64054fd1963e	1	64
lane/meals-reachable-api	02f27b9512b7d333e52a49140c869827288420f3	2	59
lane/meals-release	af53dc84da35d4d92da85cb3260ecbabec20ccc0	0	62
lane/meals-release-actor	249612ac7709179144bf403d56f998632de8053d	2	59
lane/meals-release-race	f70a0254c35c30422dc4b021e5c877e2f5750ca3	1	63
lane/meals-requote-release	d5483cb30bf376bae78cc60f07476b6ac6910a2a	2	63
lane/meals-reservation-wire	56b1493e335128153c2530198becc3a1a00b09bf	0	294
lane/meals-statement-immutable	0384222e463d32c8b49a8dd37dc392776a9f96bc	0	262
lane/meals-supersede-sql	7dafec47efaebe50b7062c609d946da08e20ffe2	11	63
lane/meals-sweep-guard	4bddfc7de0b2dcf1da83e33d29c3330053893748	2	63
lane/meals-utlkvit	1a03bc6c8f65aa2322c81806680ea3076a67fbb6	0	62
lane/meals-violation-exact	13cd9f18bfa8df9aa306cf59c7d668e7596281d4	0	4
lane/meals-w1	5a0247b4a6c6e2a9c09fab85205d32d8b7f88088	256	467
lane/meals-w2-anchor	336e801c430922c7b87d7aea3d1f7e5e6fc5408d	265	467
lane/meals-w2-funding	374620f9dd66aee868ae3bdb245b794446c73273	266	467
lane/meals-w2-programs	3105cab8236120add338724a23d8a6f607fed44e	267	467
lane/meals-w2-tender	8466a972d870fe55089d45354b8eee02edff265f	266	467
lane/meals-w3-anchor	d7e4363e718d17fcd7f5459c4d72686fe828e118	316	467
lane/meals-w3-fiscal	edb2fcf68087cb00cd3337e2c15c171311bb04c0	317	467
lane/meals-w3-projection	f94b6a95113c4ce93031875f99cef81cbe1a6597	317	467
lane/meals-w3-statements	98262aabaa862f79c838eaaa64b6bdea013866e3	317	467
lane/meals-xz-credit	25586d86bb079d87e5ba0caa60c06c806dee8a66	1	64
lane/mealscfg	d81f037b1633c55ae5fa5a4cc8a31cd05235d170	0	320
lane/mealsdrift	f9613482f70c6ae09cf4cc143f5a93506be83cab	0	162
lane/menu-margin-read	0735c540d4fc1b2838f67c892b831c692af7cd9c	1	331
lane/mig-company-receivable	32c56fa4c71736a50c9cae33e3542f20576bc527	25	81
lane/module-audit-pins	a5fca63c10cad7b6f36fb6608c1ca352cca3e2e8	0	317
lane/money-path-attribution	fff3af882ad1e6484f480d9c008cde7827e79144	0	262
lane/mrg-price-correction-2	58a63518295d2d83b666818ecd817d9278648560	4	59
lane/mrg-starter-150b	9a00da6e3c3035592f5cf9bed1aa84f228a59713	1	59
lane/order-created-utc	7a463e9b414894df4a0628663f636f3011d75d30	216	467
lane/pdf-creditnote-name	015c07ca243f8b7ddd6b0912aaa88ac274d7f5b4	2	0
lane/pdf-nullderef	17198f14d54492d4c934a171530b9cd1443652d0	0	59
lane/phone-in-path	a60da359b05dd9a80fe0817528fdd585b7734bca	2	28
lane/pii-log-sweep	a8c6a0f3cdda23cb564cf86cf963f8a0f5098282	0	315
lane/piiallow	a114520d0bea45150410884dbcae82fa3fcc9d69	0	218
lane/pinfix	03e603603d19fb4bc7bed6ffc1c44e3f7888a0ee	1	339
lane/pinfixes	ac76711e4fb3b52b83f9d839d610ddd1650ddaed	0	152
lane/pinharden	e4e9d760a2b54f35e244af4190c64ca543f02588	0	321
lane/plan-doc-corrections	61e189601fba74b58a60028d96013ac10e7f6952	0	232
lane/poweruser-pin-realign	2e593d96d7091b2305e33e75a11c57e4a41688ac	0	262
lane/poweruser-seed-honesty	beeb1a1aa6f05b5158153b6bdfd689abc9a896ee	0	300
lane/push-token-in-path	363d3f7fa7572dbde51005a1f6f90d1b662098ee	2	0
lane/reachsweep	a2cdb423a121538f228679a747d6af7c4b89849d	0	157
lane/replay-pins-close	a6583a022f7620768b3d562036c4182247d016e3	7	0
lane/reservation-limiter-move	d9189fbdc677f20e0310351745095d396f920c1c	0	56
lane/review-residuals-provider	bd765c7d8685652ffa499bf5e40a79fe407cb87a	3	64
lane/review-residuals-rezone	15a1d0b7c327dee63c78188c9afd98d07f8ad548	25	81
lane/rollback-tracked-sweep	118297520d39a42931ca59313a1434b9b3bdac38	1	59
lane/route-guard-gaps	a5b9e28bab3d5bbb94479bdab2a6d01fae4fd61e	3	28
lane/rule34	5f2e4c1821aca0c50b66c3d59c46d00f1302fb7d	0	318
lane/rulepack-jurisdictions	537f302e2da968eb06a841bdd2f89c666ddf6235	0	319
lane/schedule-publication-immutable	f31b2dfb0b0d18331c1cccc3307736b347f20bb8	0	262
lane/sqlserver-trait-hygiene	bdf8f1f8d3e9abc27bfae27b981fd5086f0bd74f	0	232
lane/statute-honesty	485959ab8b8f29f7e242e237c7630a80a0046595	1	64
lane/store-market-columns	5176427831e3d58812a6d660638e6d71eafe4592	0	320
lane/swallow	28e95cd9da840c1610b7c6c5f158bdaddae2e61e	0	319
lane/telemetry-initializer-floor	78a59ed6cf3083bd07898d0a87b18e1f86938805	1	0
lane/train-demo-seed	8e2b57de8442a389a9b5f8025312c9750614c85e	0	0
lane/train-disclosure	06b8b582c12bc3a5073f1c365c2a84b8e53b9bea	1	59
lane/train-evidence-endpoint	c5c15f1795a59757fb8b383dc68d04c931fe9393	0	114
lane/train-evidence-pins	733cb36e49e3df447d9ed45af2ddb3e61029b8b0	0	116
lane/train-idempotency-refusal	01cd5eeecafbae8d0220c5b57fb06c20a4a64b42	1	0
lane/trainflags	66d5bba8f56351f007f03c99b626c15f413e9808	0	191
lane/training-cas-guard	cad060da19e1d5da7b7fb8d1ed384c8f4d450f08	0	317
lane/training-etag	c76744dbc545fdf8fe02d23e9fb41dafe441514a	0	316
lane/training-evidence-surface	387d727d3b015f8bcfb8d4c65594b96162939282	0	262
lane/training-next	6e69b32beee7bd7cd188cca55a87d84dce8a2258	0	216
lane/trainrev	f257389423c4b3a343fe247bece6ffd8dc40199b	0	218
lane/trainwire	e4494c889069174c100b59b0c2696d33d11fa92a	0	318
lane/trb2	ce400f72c393828f21ebd99bed40e25066ccbf79	2	145
lane/trn-evidence-names	b560bc3ab5181b5537151970ca483a2aed568b48	2	59
lane/unsub-oneclick	b2253a74c43408565b4b8920c8fdacd2c8381886	0	330
lane/utlkvit-replay-source	3a509b6859ccd7da46cb6f0834396ebbe216b812	0	61
lane/utlkvit-reprint-kind	88b7307f8d7ffc0cc621455182e9d1ad1352ba8f	1	59
lane/utlkvit-sale-row	1854f5941e324b4e3284df3a8c5e0caae7c086d3	0	61
lane/verified-claims-audit	06754037ee19ba77b0d29f518c3ccd03d21fdce2	0	263
lane/vipps-redact-404	cb18cab48f78e26a89fef49bb6178d1445f9c8de	1	59
lane/w0-businessdate	e7c8d31791edd35fb79a1e45b832cf74923f71af	1	340
lane/w3-labour-band	ee0a450d7c2cdb4d66c12b6e9f405a8368a56653	0	293
lane/w4s-attendance	472742285bbbe1c9de6bdaf0d5e3b7686fd92410	260	467
lane/w4s-clock	d42634048050de031bc7e03d069600ffdedff66f	261	467
lane/w4s-personalliste	7da7e3d0d5a33c69a9740961a2fe908da979c84d	260	467
lane/w4s-pos	448f3adba122fac60d789d1553530abfd9b1b6f6	260	467
lane/wf-adjust-address	f3887f9a17fe379b82a878d0459bbe6e07f63a78	1	59
lane/wf-adjustment-ordinal	cff1c005c8c6a33cc4c3568f02654b6fb530f956	24	81
lane/wf-blind-bind-name	3b593fef9520180b2a2dc1387815f418b7e8389b	1	59
lane/wf-bootstrap	9d1719dfd581da400ec26455688f8887f5dad79b	1	59
lane/wf-bootstrap-one-engagement	6fa2cbc33f7844d543ad4f90ce94977ae4660d80	37	59
lane/wf-clock-wire	f14c91ec18848a6b95bd51c3ed1eaa9d9a8b2302	1	59
lane/wf-contact-imported	0b28f60146b76530a2021f6afb45e4660c6fb74e	2	59
lane/wf-correction-path	182fa43efcabf1e98271f7f32cc0d12cd443eb35	2	54
lane/wf-cost-stability	bbac045ca54c785fd17275496d76890b4631faa7	0	118
lane/wf-demo-presence	8a9080c85b07e761d571cea565f3684a7f97c508	1	63
lane/wf-digest-tautology	4b911917b930272a8beaef32c464a4d0a652c5f0	23	81
lane/wf-exchange-award-ungated	2661b752e433a76071c6aa67d0ae4159b2e269a5	1	54
lane/wf-exchange-move	a5ff40f28790acfab5d901fce8fb014d5122cbd1	1	81
lane/wf-export-duplicate	3a4442a7a1b05f1512cfd03d5ae30fe7e6c2afcb	23	81
lane/wf-gate	1cf3b25e799a4cd1b64e003b30597b773868f210	0	321
lane/wf-idempotency-refusal	a1d572088f2e166060b3c54146825d6dd5c46cf9	1	50
lane/wf-idempotency-refusal-rest	02684ecc15c77c653a3f2ca5b30c50d890ad9d2d	2	50
lane/wf-invite-list-revoke	68f2472c907dfebec60974b59b51157b275347f2	1	0
lane/wf-link-deadend	a3a526ae9895cde25ac245d83088e34ac8229b58	2	59
lane/wf-onboard-claim	de0811f6330b0e2f28805b62206bd51d8021f88e	1	0
lane/wf-onboard-demo-run	de0811f6330b0e2f28805b62206bd51d8021f88e	1	0
lane/wf-personalliste-write	1c021dac3a598873143a6c49ec09fc0fb1b2764f	316	467
lane/wf-push-notify	f5305ced424f05bc8e98decc47a4dcb8c4d49b21	0	86
lane/wf-push-silent	991c21f642f9d6e984f843a1e318599f092eac56	0	85
lane/wf-push-still-lies	100ae00011632dc3fe83d77e50da8f46b6a1b0e7	1	5
lane/wf-schedimm2	c11764a904e5693d624657265161dc551f238301	0	218
lane/wf-supplements	d63b5f5cb329bc48dee1e7735370f4892e6061ac	0	134
lane/wf-timeoff-decide-gate	1ee483c06f9724e5d607ce347269e4adeb94b863	1	5
lane/wf-timesheet-race	bc9c7e96990dc70fd3b4e5ec6fbdffc72c0b2bb9	36	59
lane/wf-timesheet-wire	da452fe2484c9d9e5d43877da7cc2f7a1d825b01	24	81
lane/wf-violation-exact	cdb4c66cdf4e17416c28ac3ecc3e4f22b5ba9825	0	4
lane/wf-w5-timesheet	9e82b286e61ae1cdd5e676e3bec20c07b9021152	22	81
lane/wf-withheld-bound	74405b34d0c1c701bb1ba6ac61f9d80657d6a25a	1	5
lane/wire-containment-fix	6d2a526f5192d105800e50aed12b34a68b3262bd	3	340
lane/wire-tier-rowversion	7dbac5118a02710f49ed949837cdb9fa4239c702	0	263
lane/wolt-sync-unregistered	3c7b28ee034649eba64700fd5f702068e97e9b62	1	5
lane/workforce-audit-actor	1b5068b24b53db0d6ecb6907148877c6ccf5afc9	0	300
lane/workforce-next	264a6bfdaa91ca5d31c3a7247f3641dcaf2733d3	0	215
lane/xz-credit-fields	9bdfc267390ac36d411263fb4dac29460e13f2fc	1	5
lane/xz-printed-defects	6c394057ef87fff79ae29f294f409df8869c2962	4	5
master	3b78262741d3075ebe732eb98e5fb9cc299687a7	0	521
prep/events-landing	e3e13973c5ec0fa23c3ae9e6e03cb4603d543ccc	283	467
prep/events-w3-landing	eda4343f35a359c5bfdee2341910369823379ef0	325	467
prep/growth-landing	846e840d81789dbbbc59ba6156119d609f37ab00	281	467
prep/growth-w3-landing	f7e9d9b041bdd0e8401158e4a6729641c125d6be	324	467
prep/margin-landing	0f2cda3cf1fdc6c6552525721bde5d465d79ef50	284	467
prep/margin-w3-landing	2d4f889ad312e28a7529fe2de522d09aa398384d	324	467
prep/meals-w3-landing	2345f12c1fe3e2fe154347501c4bc543ec478361	324	467
rebrand	f531c441ab6fe8777bc20c20838698287f1bff21	215	467
